Date,Company,Close_Price,Actual_Target,Predicted_Signal,Signal_Probability,Signal_Strength,Correct_Prediction,Signal_Direction,Actual_Direction,Warning,Month
2022-01-13,GOOGL,0.6813450258710687,1,0,0.33976066,0.32047868,0,Bearish,Bullish,OPPOSITE_PREDICTION,1
2022-01-13,MSFT,-1.585908300954201,0,0,0.32972112,0.34055775,1,Bearish,Bearish,CORRECT_PREDICTION,1
2022-01-13,AAPL,-2.682015839400695,0,0,0.32783997,0.34432006,1,Bearish,Bearish,CORRECT_PREDICTION,1
2022-01-13,AMZN,-0.1315563352962917,1,0,0.3575973,0.28480542,0,Bearish,Bullish,OPPOSITE_PREDICTION,1
2022-01-14,MSFT,0.3416850604325803,1,0,0.38722575,0.2255485,0,Bearish,Bullish,OPPOSITE_PREDICTION,1
2022-01-17,AMZN,0.3219627028526721,0,1,0.6158791,0.23175824,0,Bullish,Bearish,OPPOSITE_PREDICTION,1
2022-01-17,GOOGL,2.4670308847232083,1,1,0.63497055,0.2699411,1,Bullish,Bullish,CORRECT_PREDICTION,1
2022-01-17,AAPL,0.0285219934932887,0,1,0.63369596,0.26739192,0,Bullish,Bearish,OPPOSITE_PREDICTION,1
2022-01-17,MSFT,-1.6502042525654457,1,1,0.619207,0.23841405,1,Bullish,Bullish,CORRECT_PREDICTION,1
2022-01-23,MSFT,-0.3172119313223484,0,0,0.39893034,0.20213932,1,Bearish,Bearish,CORRECT_PREDICTION,1
2022-01-23,AMZN,0.1246205683260784,0,0,0.39505792,0.20988417,1,Bearish,Bearish,CORRECT_PREDICTION,1
2022-01-25,AMZN,-0.5154752579570004,1,1,0.62082195,0.2416439,1,Bullish,Bullish,CORRECT_PREDICTION,1
2022-01-25,AAPL,-0.9691923624765192,1,1,0.64463544,0.28927088,1,Bullish,Bullish,CORRECT_PREDICTION,1
2022-01-25,MSFT,-0.1332826816161038,1,1,0.66106474,0.3221295,1,Bullish,Bullish,CORRECT_PREDICTION,1
2022-01-25,GOOGL,0.269449389746895,0,1,0.673419,0.346838,0,Bullish,Bearish,OPPOSITE_PREDICTION,1
2022-01-26,MSFT,0.4475502692468308,1,1,0.6657964,0.3315928,1,Bullish,Bullish,CORRECT_PREDICTION,1
2022-01-26,AAPL,1.120537614898716,1,1,0.63373613,0.26747227,1,Bullish,Bullish,CORRECT_PREDICTION,1
2022-01-26,GOOGL,-0.2819631430305498,1,1,0.6120965,0.22419298,1,Bullish,Bullish,CORRECT_PREDICTION,1
2022-01-30,GOOGL,-0.2095385727748241,0,0,0.3680847,0.2638306,1,Bearish,Bearish,CORRECT_PREDICTION,1
2022-01-31,AMZN,-1.993181832513892,1,0,0.35237917,0.29524165,0,Bearish,Bullish,OPPOSITE_PREDICTION,1
2022-01-31,AAPL,1.6587735394464624,0,0,0.36409903,0.27180195,1,Bearish,Bearish,CORRECT_PREDICTION,1
2022-01-31,MSFT,0.7461255468080399,0,0,0.39551067,0.20897865,1,Bearish,Bearish,CORRECT_PREDICTION,1
2022-02-04,AMZN,-0.5804789109474908,0,1,0.60237706,0.20475411,0,Bullish,Bearish,OPPOSITE_PREDICTION,2
2022-02-09,GOOGL,0.1139775934094746,0,1,0.60238504,0.20477009,0,Bullish,Bearish,OPPOSITE_PREDICTION,2
2022-02-12,AMZN,-0.7760338450512497,0,0,0.3546831,0.2906338,1,Bearish,Bearish,CORRECT_PREDICTION,2
2022-02-12,GOOGL,0.1917454268779132,0,0,0.35062817,0.29874367,1,Bearish,Bearish,CORRECT_PREDICTION,2
2022-02-12,AAPL,2.4889230947797025,0,0,0.36562747,0.26874506,1,Bearish,Bearish,CORRECT_PREDICTION,2
2022-02-12,MSFT,-0.1537927636228577,1,0,0.39402416,0.21195167,0,Bearish,Bullish,OPPOSITE_PREDICTION,2
2022-02-15,GOOGL,0.6834457529595317,1,0,0.3747382,0.25052363,0,Bearish,Bullish,OPPOSITE_PREDICTION,2
2022-02-15,AAPL,0.8970196185371323,1,0,0.3661114,0.2677772,0,Bearish,Bullish,OPPOSITE_PREDICTION,2
2022-02-15,AMZN,1.4909580179764477,0,0,0.3721451,0.25570983,1,Bearish,Bearish,CORRECT_PREDICTION,2
2022-02-16,GOOGL,-0.7922814628562223,1,0,0.3882167,0.22356659,0,Bearish,Bullish,OPPOSITE_PREDICTION,2
2022-02-19,AMZN,-0.2199868732262673,0,0,0.36347753,0.27304494,1,Bearish,Bearish,CORRECT_PREDICTION,2
2022-02-19,AAPL,0.7469179859347551,0,0,0.33762288,0.32475424,1,Bearish,Bearish,CORRECT_PREDICTION,2
2022-02-19,GOOGL,-0.1774309223404681,0,0,0.35228956,0.29542089,1,Bearish,Bearish,CORRECT_PREDICTION,2
2022-02-19,MSFT,-0.264293985205071,0,0,0.3757347,0.24853063,1,Bearish,Bearish,CORRECT_PREDICTION,2
2022-02-27,GOOGL,0.8863143029089431,0,0,0.3944188,0.21116239,1,Bearish,Bearish,CORRECT_PREDICTION,2
2022-02-28,AAPL,-0.7827225877503634,0,0,0.3993548,0.20129043,1,Bearish,Bearish,CORRECT_PREDICTION,2
2022-03-05,AAPL,-0.550799865825852,0,0,0.36716697,0.26566607,1,Bearish,Bearish,CORRECT_PREDICTION,3
2022-03-05,GOOGL,0.5436581591316578,1,0,0.3398387,0.32032257,0,Bearish,Bullish,OPPOSITE_PREDICTION,3
2022-03-05,AMZN,0.0432971716062182,1,0,0.33745015,0.3250997,0,Bearish,Bullish,OPPOSITE_PREDICTION,3
2022-03-05,MSFT,-0.6665580204594842,0,0,0.3738333,0.2523334,1,Bearish,Bearish,CORRECT_PREDICTION,3
2022-03-06,AAPL,1.1507303013259624,0,0,0.39409503,0.21180993,1,Bearish,Bearish,CORRECT_PREDICTION,3
2022-03-08,AMZN,-0.4969928940716321,1,1,0.6199361,0.23987222,1,Bullish,Bullish,CORRECT_PREDICTION,3
2022-03-08,MSFT,0.7039753711122795,0,1,0.61830306,0.23660612,0,Bullish,Bearish,OPPOSITE_PREDICTION,3
2022-03-10,MSFT,0.1197046738751688,1,1,0.6183317,0.23666334,1,Bullish,Bullish,CORRECT_PREDICTION,3
2022-03-11,AAPL,0.8827851999368445,0,1,0.6058073,0.21161461,0,Bullish,Bearish,OPPOSITE_PREDICTION,3
2022-03-15,AMZN,1.086499494543265,0,0,0.39133114,0.21733773,1,Bearish,Bearish,CORRECT_PREDICTION,3
2022-03-15,MSFT,-1.5846403426416045,0,0,0.38626125,0.22747749,1,Bearish,Bearish,CORRECT_PREDICTION,3
2022-03-16,AAPL,0.5198566205146141,0,0,0.39751056,0.20497888,1,Bearish,Bearish,CORRECT_PREDICTION,3
2022-03-17,MSFT,0.7923752219224539,1,0,0.3993813,0.20123738,0,Bearish,Bullish,OPPOSITE_PREDICTION,3
2022-03-17,GOOGL,-1.4422913514865083,1,0,0.38771167,0.22457665,0,Bearish,Bullish,OPPOSITE_PREDICTION,3
2022-03-18,GOOGL,0.5153127792166795,1,0,0.3848897,0.23022062,0,Bearish,Bullish,OPPOSITE_PREDICTION,3
2022-03-18,MSFT,0.4867271894268942,1,0,0.3986481,0.20270377,0,Bearish,Bullish,OPPOSITE_PREDICTION,3
2022-03-25,GOOGL,0.7074056916245333,1,1,0.6305019,0.26100385,1,Bullish,Bullish,CORRECT_PREDICTION,3
2022-03-25,MSFT,-0.9428776899260428,1,1,0.6569829,0.3139658,1,Bullish,Bullish,CORRECT_PREDICTION,3
2022-03-25,AAPL,-0.6570682913561877,0,1,0.66942525,0.3388505,0,Bullish,Bearish,OPPOSITE_PREDICTION,3
2022-03-26,AAPL,-0.0281802558471528,1,1,0.6648228,0.32964563,1,Bullish,Bullish,CORRECT_PREDICTION,3
2022-03-26,MSFT,0.1185017870750873,1,1,0.64666164,0.29332328,1,Bullish,Bullish,CORRECT_PREDICTION,3
2022-03-28,AMZN,-0.0356047942668466,1,1,0.608408,0.21681595,1,Bullish,Bullish,CORRECT_PREDICTION,3
2022-03-28,AAPL,-0.2048048423496896,1,1,0.62780595,0.2556119,1,Bullish,Bullish,CORRECT_PREDICTION,3
2022-03-28,MSFT,2.2380706473696854,0,1,0.6378955,0.27579105,0,Bullish,Bearish,OPPOSITE_PREDICTION,3
2022-03-29,AAPL,-1.0640871608046911,1,1,0.6177864,0.23557281,1,Bullish,Bullish,CORRECT_PREDICTION,3
2022-03-30,AMZN,-0.8582589849008317,1,0,0.3916519,0.2166962,0,Bearish,Bullish,OPPOSITE_PREDICTION,3
2022-04-08,AAPL,1.7914118461570334,0,0,0.39827448,0.20345104,1,Bearish,Bearish,CORRECT_PREDICTION,4
2022-04-08,AMZN,-0.5120599350228633,0,0,0.38904235,0.2219153,1,Bearish,Bearish,CORRECT_PREDICTION,4
2022-04-08,MSFT,-1.1322194201014353,0,0,0.39191875,0.2161625,1,Bearish,Bearish,CORRECT_PREDICTION,4
2022-04-11,GOOGL,-1.448705570541591,0,0,0.39954787,0.20090425,1,Bearish,Bearish,CORRECT_PREDICTION,4
2022-04-11,AAPL,0.6012866644810112,1,0,0.37964985,0.2407003,0,Bearish,Bullish,OPPOSITE_PREDICTION,4
2022-04-11,AMZN,0.1768920049651497,1,0,0.38037744,0.23924512,0,Bearish,Bullish,OPPOSITE_PREDICTION,4
2022-04-14,AMZN,0.44113182194315,0,1,0.6235939,0.24718785,0,Bullish,Bearish,OPPOSITE_PREDICTION,4
2022-04-14,AAPL,1.57623394297475,1,1,0.63871634,0.27743268,1,Bullish,Bullish,CORRECT_PREDICTION,4
2022-04-14,MSFT,-0.4932762862681281,1,1,0.6419755,0.28395104,1,Bullish,Bullish,CORRECT_PREDICTION,4
2022-04-15,AMZN,0.9507505717525372,0,1,0.6279368,0.25587356,0,Bullish,Bearish,OPPOSITE_PREDICTION,4
2022-04-16,AAPL,-1.001831365839958,1,0,0.39887393,0.20225215,0,Bearish,Bullish,OPPOSITE_PREDICTION,4
2022-04-16,MSFT,-0.5082247176644816,0,0,0.36941832,0.26116335,1,Bearish,Bearish,CORRECT_PREDICTION,4
2022-04-16,AMZN,-3.290379997895435,0,0,0.35923293,0.28153414,1,Bearish,Bearish,CORRECT_PREDICTION,4
2022-04-16,GOOGL,1.6167897019051467,0,0,0.3684265,0.263147,1,Bearish,Bearish,CORRECT_PREDICTION,4
2022-04-17,AAPL,1.5965401448735783,0,0,0.39223164,0.21553671,1,Bearish,Bearish,CORRECT_PREDICTION,4
2022-04-18,AMZN,-0.1516975148466681,0,0,0.3680152,0.2639696,1,Bearish,Bearish,CORRECT_PREDICTION,4
2022-04-18,GOOGL,-0.8627891735281078,1,0,0.34946847,0.30106306,0,Bearish,Bullish,OPPOSITE_PREDICTION,4
2022-04-19,MSFT,0.002168587690811,0,0,0.35984704,0.28030592,1,Bearish,Bearish,CORRECT_PREDICTION,4
2022-04-21,AMZN,0.3179001977141664,0,1,0.6019556,0.20391119,0,Bullish,Bearish,OPPOSITE_PREDICTION,4
2022-04-22,AAPL,-0.7061976864011732,1,1,0.61772573,0.23545146,1,Bullish,Bullish,CORRECT_PREDICTION,4
2022-04-22,AMZN,-1.3268545603513238,1,1,0.62411,0.24821997,1,Bullish,Bullish,CORRECT_PREDICTION,4
2022-04-22,GOOGL,0.7613024666850322,1,1,0.6229677,0.24593544,1,Bullish,Bullish,CORRECT_PREDICTION,4
2022-04-22,MSFT,-1.8161006844623775,0,1,0.62875694,0.25751388,0,Bullish,Bearish,OPPOSITE_PREDICTION,4
2022-04-23,AAPL,0.8658354403668342,0,1,0.63459456,0.26918912,0,Bullish,Bearish,OPPOSITE_PREDICTION,4
2022-04-23,AMZN,-0.4632330424619154,0,1,0.6421959,0.28439176,0,Bullish,Bearish,OPPOSITE_PREDICTION,4
2022-04-23,GOOGL,1.0817384656042657,0,1,0.6445401,0.28908014,0,Bullish,Bearish,OPPOSITE_PREDICTION,4
2022-04-23,MSFT,1.242847360871319,1,1,0.63880277,0.27760553,1,Bullish,Bullish,CORRECT_PREDICTION,4
2022-04-24,GOOGL,-2.2238725043208056,1,0,0.3968803,0.2062394,0,Bearish,Bullish,OPPOSITE_PREDICTION,4
2022-04-25,AMZN,0.3137041306051743,0,0,0.39176002,0.21647996,1,Bearish,Bearish,CORRECT_PREDICTION,4
2022-04-25,AAPL,-0.0475519226316873,0,0,0.39614692,0.20770615,1,Bearish,Bearish,CORRECT_PREDICTION,4
2022-04-27,AMZN,0.6003448689970516,1,1,0.6167506,0.2335012,1,Bullish,Bullish,CORRECT_PREDICTION,4
2022-04-27,MSFT,0.2698660462478434,1,1,0.64669883,0.29339767,1,Bullish,Bullish,CORRECT_PREDICTION,4
2022-04-28,MSFT,-0.9957524335612286,1,1,0.66428185,0.3285637,1,Bullish,Bullish,CORRECT_PREDICTION,4
2022-04-28,GOOGL,0.9443408053037888,1,1,0.6700114,0.3400228,1,Bullish,Bullish,CORRECT_PREDICTION,4
2022-04-28,AMZN,0.200536647619246,0,1,0.63225114,0.2645023,0,Bullish,Bearish,OPPOSITE_PREDICTION,4
2022-04-30,AMZN,-1.487186304313546,1,1,0.61483485,0.22966969,1,Bullish,Bullish,CORRECT_PREDICTION,4
2022-04-30,GOOGL,0.472224394319704,1,1,0.6264365,0.25287294,1,Bullish,Bullish,CORRECT_PREDICTION,4
2022-04-30,MSFT,-0.8308122718615978,1,1,0.6298666,0.2597332,1,Bullish,Bullish,CORRECT_PREDICTION,4
2022-06-01,AAPL,-0.2710338593260924,1,1,0.61107653,0.22215307,1,Bullish,Bullish,CORRECT_PREDICTION,6
2022-06-01,AMZN,0.4139494027673781,0,1,0.6468643,0.2937286,0,Bullish,Bearish,OPPOSITE_PREDICTION,6
2022-06-01,MSFT,-0.1173504303668067,1,1,0.69536203,0.39072406,1,Bullish,Bullish,CORRECT_PREDICTION,6
2022-06-01,GOOGL,2.5129456564833905,0,1,0.69159305,0.3831861,0,Bullish,Bearish,OPPOSITE_PREDICTION,6
2022-06-02,GOOGL,0.3901636238363384,1,1,0.6701615,0.34032297,1,Bullish,Bullish,CORRECT_PREDICTION,6
2022-06-02,AAPL,0.4558317684405455,1,1,0.6266142,0.25322843,1,Bullish,Bullish,CORRECT_PREDICTION,6
2022-06-03,AAPL,0.3709231879474757,0,0,0.38113248,0.23773503,1,Bearish,Bearish,CORRECT_PREDICTION,6
2022-06-03,GOOGL,1.3440900988879732,1,0,0.39606032,0.20787936,0,Bearish,Bullish,OPPOSITE_PREDICTION,6
2022-06-05,AMZN,0.06946538166887,0,1,0.60422885,0.20845771,0,Bullish,Bearish,OPPOSITE_PREDICTION,6
2022-06-06,AMZN,1.0235400200528617,0,0,0.3266831,0.3466338,1,Bearish,Bearish,CORRECT_PREDICTION,6
2022-06-06,AAPL,-0.3827515018066218,0,0,0.32732612,0.34534776,1,Bearish,Bearish,CORRECT_PREDICTION,6
2022-06-07,GOOGL,-0.5271121072082148,1,0,0.34841046,0.3031791,0,Bearish,Bullish,OPPOSITE_PREDICTION,6
2022-06-09,GOOGL,0.5079029843643493,0,1,0.6252612,0.25052238,0,Bullish,Bearish,OPPOSITE_PREDICTION,6
2022-06-10,MSFT,0.4732621410269638,1,1,0.63135743,0.26271486,1,Bullish,Bullish,CORRECT_PREDICTION,6
2022-06-10,AAPL,-0.4278811123632569,0,1,0.6275244,0.25504875,0,Bullish,Bearish,OPPOSITE_PREDICTION,6
2022-06-17,GOOGL,-0.6903870954695049,1,1,0.6247133,0.2494266,1,Bullish,Bullish,CORRECT_PREDICTION,6
2022-06-17,AAPL,-0.7343396377506358,0,1,0.628643,0.25728595,0,Bullish,Bearish,OPPOSITE_PREDICTION,6
2022-06-17,AMZN,0.55053840256416,0,1,0.6159266,0.23185325,0,Bullish,Bearish,OPPOSITE_PREDICTION,6
2022-06-21,AAPL,-1.4285551347438905,1,0,0.3713502,0.2572996,0,Bearish,Bullish,OPPOSITE_PREDICTION,6
2022-06-21,MSFT,-0.4133502783613107,0,0,0.3557314,0.2885372,1,Bearish,Bearish,CORRECT_PREDICTION,6
2022-06-22,GOOGL,0.0676786545478749,0,0,0.3647487,0.27050263,1,Bearish,Bearish,CORRECT_PREDICTION,6
2022-06-22,AAPL,-0.2370148301041542,0,0,0.386968,0.22606403,1,Bearish,Bearish,CORRECT_PREDICTION,6
2022-06-23,GOOGL,-0.8850545146115745,1,1,0.61606616,0.23213232,1,Bullish,Bullish,CORRECT_PREDICTION,6
2022-06-23,AMZN,-0.0251582870780653,1,1,0.62587714,0.25175428,1,Bullish,Bullish,CORRECT_PREDICTION,6
2022-06-24,AMZN,0.4470783462969444,1,1,0.6234921,0.24698424,1,Bullish,Bullish,CORRECT_PREDICTION,6
2022-06-24,GOOGL,-0.009720355838202,1,1,0.6159087,0.23181736,1,Bullish,Bullish,CORRECT_PREDICTION,6
2022-06-24,AAPL,-0.5102802872620715,0,1,0.6097237,0.21944737,0,Bullish,Bearish,OPPOSITE_PREDICTION,6
2022-06-24,MSFT,0.5362244473808939,1,1,0.60510397,0.21020794,1,Bullish,Bullish,CORRECT_PREDICTION,6
2022-06-26,AAPL,-0.0390052097142673,0,0,0.3685098,0.2629804,1,Bearish,Bearish,CORRECT_PREDICTION,6
2022-06-26,AMZN,0.0229740465909619,0,0,0.34698987,0.30602026,1,Bearish,Bearish,CORRECT_PREDICTION,6
2022-06-27,GOOGL,0.7707953158754426,0,0,0.3484081,0.3031838,1,Bearish,Bearish,CORRECT_PREDICTION,6
2022-06-27,AAPL,-0.8975344024300963,1,0,0.3702992,0.25940162,0,Bearish,Bullish,OPPOSITE_PREDICTION,6
2022-06-27,AMZN,-1.0980346156570089,1,0,0.3982978,0.20340443,0,Bearish,Bullish,OPPOSITE_PREDICTION,6
2022-06-28,AMZN,-0.0729815105042463,1,1,0.6108362,0.22167242,1,Bullish,Bullish,CORRECT_PREDICTION,6
2022-07-01,GOOGL,-1.302636315258067,0,1,0.61200744,0.22401488,0,Bullish,Bearish,OPPOSITE_PREDICTION,7
2022-07-02,AAPL,-0.8667789290391911,1,1,0.6310076,0.26201522,1,Bullish,Bullish,CORRECT_PREDICTION,7
2022-07-02,MSFT,0.6165148282463697,1,1,0.62880886,0.2576177,1,Bullish,Bullish,CORRECT_PREDICTION,7
2022-07-02,GOOGL,-0.9376804873817726,0,1,0.62043726,0.24087453,0,Bullish,Bearish,OPPOSITE_PREDICTION,7
2022-07-02,AMZN,-1.397207721307019,1,1,0.60768235,0.2153647,1,Bullish,Bullish,CORRECT_PREDICTION,7
2022-07-05,AAPL,-1.3000411495104278,1,1,0.6199486,0.23989725,1,Bullish,Bullish,CORRECT_PREDICTION,7
2022-07-06,MSFT,0.1615002804756374,1,1,0.65295434,0.30590868,1,Bullish,Bullish,CORRECT_PREDICTION,7
2022-07-06,GOOGL,0.6783938370145629,1,1,0.66367435,0.3273487,1,Bullish,Bullish,CORRECT_PREDICTION,7
2022-07-06,AMZN,0.0520571297694768,1,1,0.6688788,0.3377576,1,Bullish,Bullish,CORRECT_PREDICTION,7
2022-07-06,AAPL,-0.1693477008378687,1,1,0.6619338,0.32386756,1,Bullish,Bullish,CORRECT_PREDICTION,7
2022-07-07,MSFT,0.9948079987735126,0,1,0.6196425,0.23928499,0,Bullish,Bearish,OPPOSITE_PREDICTION,7
2022-07-09,GOOGL,-0.6118917155707219,0,0,0.37690443,0.24619114,1,Bearish,Bearish,CORRECT_PREDICTION,7
2022-07-10,AMZN,2.2001409003911485,0,0,0.36230278,0.27539444,1,Bearish,Bearish,CORRECT_PREDICTION,7
2022-07-10,AAPL,0.0023346206108857,1,0,0.36004868,0.27990264,0,Bearish,Bullish,OPPOSITE_PREDICTION,7
2022-07-10,MSFT,-1.5380322033198046,1,0,0.3528508,0.2942984,0,Bearish,Bullish,OPPOSITE_PREDICTION,7
2022-07-10,GOOGL,0.8235264687787566,1,0,0.34997603,0.30004793,0,Bearish,Bullish,OPPOSITE_PREDICTION,7
2022-07-11,GOOGL,-0.1173848956252243,1,0,0.3609661,0.27806783,0,Bearish,Bullish,OPPOSITE_PREDICTION,7
2022-07-11,AMZN,0.8856564861367942,0,0,0.39827526,0.20344949,1,Bearish,Bearish,CORRECT_PREDICTION,7
2022-07-13,GOOGL,-0.4320935144372662,1,0,0.38870317,0.22259367,0,Bearish,Bullish,OPPOSITE_PREDICTION,7
2022-07-13,AAPL,0.2425212712272869,1,0,0.3969008,0.2061984,0,Bearish,Bullish,OPPOSITE_PREDICTION,7
2022-07-14,AMZN,0.5789966989777788,1,1,0.6014786,0.20295715,1,Bullish,Bullish,CORRECT_PREDICTION,7
2022-07-15,AMZN,2.2486699011741207,0,0,0.38771608,0.22456783,1,Bearish,Bearish,CORRECT_PREDICTION,7
2022-07-16,MSFT,-2.032474307811567,0,0,0.37349346,0.25301307,1,Bearish,Bearish,CORRECT_PREDICTION,7
2022-07-16,AMZN,-2.040647356112464,0,0,0.3782881,0.24342382,1,Bearish,Bearish,CORRECT_PREDICTION,7
2022-07-16,GOOGL,-1.031869568411823,1,0,0.3854549,0.22909021,0,Bearish,Bullish,OPPOSITE_PREDICTION,7
2022-07-16,AAPL,-0.1850022386456191,1,0,0.39709434,0.20581132,0,Bearish,Bullish,OPPOSITE_PREDICTION,7
2022-07-18,GOOGL,0.4451529138097627,0,1,0.63532287,0.27064574,0,Bullish,Bearish,OPPOSITE_PREDICTION,7
2022-07-18,AAPL,-1.3721635177209195,0,1,0.6320549,0.26410985,0,Bullish,Bearish,OPPOSITE_PREDICTION,7
2022-07-18,MSFT,-0.4475144448326262,1,1,0.617325,0.23465002,1,Bullish,Bullish,CORRECT_PREDICTION,7
2022-07-19,AMZN,-1.6684296340638798,0,1,0.655188,0.31037605,0,Bullish,Bearish,OPPOSITE_PREDICTION,7
2022-07-20,AAPL,1.6254533563400178,1,1,0.65835726,0.31671453,1,Bullish,Bullish,CORRECT_PREDICTION,7
2022-07-20,GOOGL,0.652491823608644,1,1,0.6364817,0.2729634,1,Bullish,Bullish,CORRECT_PREDICTION,7
2022-07-20,MSFT,1.396544513620191,1,1,0.60033464,0.20066929,1,Bullish,Bullish,CORRECT_PREDICTION,7
2022-07-22,AMZN,-0.1399512481500227,0,1,0.6085245,0.217049,0,Bullish,Bearish,OPPOSITE_PREDICTION,7
2022-07-23,GOOGL,-0.1773441995210135,1,1,0.6227612,0.24552238,1,Bullish,Bullish,CORRECT_PREDICTION,7
2022-07-23,AMZN,0.2532354321470215,1,1,0.60133624,0.20267248,1,Bullish,Bullish,CORRECT_PREDICTION,7
2022-07-24,AMZN,1.4370637444827787,0,0,0.374855,0.25028998,1,Bearish,Bearish,CORRECT_PREDICTION,7
2022-07-24,AAPL,1.4824220506414842,0,0,0.35970998,0.28058004,1,Bearish,Bearish,CORRECT_PREDICTION,7
2022-07-24,GOOGL,-0.8446847504732159,0,0,0.36697048,0.26605904,1,Bearish,Bearish,CORRECT_PREDICTION,7
2022-07-24,MSFT,-1.3595687551622735,0,0,0.38192084,0.23615831,1,Bearish,Bearish,CORRECT_PREDICTION,7
2022-07-25,GOOGL,-0.1040599945362569,1,0,0.39806512,0.20386976,0,Bearish,Bullish,OPPOSITE_PREDICTION,7
2022-07-27,AAPL,-0.3073825626919265,0,0,0.39015907,0.21968186,1,Bearish,Bearish,CORRECT_PREDICTION,7
2022-07-27,GOOGL,1.6198107646926314,0,0,0.36142635,0.2771473,1,Bearish,Bearish,CORRECT_PREDICTION,7
2022-07-27,MSFT,1.1969467586079652,0,0,0.37093794,0.2581241,1,Bearish,Bearish,CORRECT_PREDICTION,7
2022-07-29,AAPL,-0.6587262111104206,1,1,0.6027541,0.20550823,1,Bullish,Bullish,CORRECT_PREDICTION,7
2022-07-30,AMZN,-0.165244982076575,0,1,0.6162204,0.23244083,0,Bullish,Bearish,OPPOSITE_PREDICTION,7
2022-07-30,GOOGL,1.1731657323882287,0,1,0.62160724,0.24321449,0,Bullish,Bearish,OPPOSITE_PREDICTION,7
2022-07-30,MSFT,0.9986401041877848,1,1,0.624449,0.24889803,1,Bullish,Bullish,CORRECT_PREDICTION,7
2022-07-30,AAPL,0.0168539864776432,1,1,0.6200415,0.24008298,1,Bullish,Bullish,CORRECT_PREDICTION,7
2022-08-03,MSFT,0.0653947554267471,1,0,0.37516603,0.24966794,0,Bearish,Bullish,OPPOSITE_PREDICTION,8
2022-08-03,GOOGL,0.2624392697015254,1,0,0.31773746,0.36452508,0,Bearish,Bullish,OPPOSITE_PREDICTION,8
2022-08-04,MSFT,1.5975775103437977,0,0,0.28326023,0.43347955,1,Bearish,Bearish,CORRECT_PREDICTION,8
2022-08-04,AAPL,-0.0715547161046942,1,0,0.28198615,0.4360277,0,Bearish,Bullish,OPPOSITE_PREDICTION,8
2022-08-04,GOOGL,1.3617138691589132,0,0,0.30280024,0.39439952,1,Bearish,Bearish,CORRECT_PREDICTION,8
2022-08-04,AMZN,0.625889105379286,0,0,0.38261038,0.23477924,1,Bearish,Bearish,CORRECT_PREDICTION,8
2022-08-08,AAPL,-0.085339837236099,0,0,0.36422032,0.27155936,1,Bearish,Bearish,CORRECT_PREDICTION,8
2022-08-08,GOOGL,-0.6718370348405032,0,0,0.35164568,0.29670864,1,Bearish,Bearish,CORRECT_PREDICTION,8
2022-08-08,MSFT,-0.1080462236389794,0,0,0.38866207,0.22267586,1,Bearish,Bearish,CORRECT_PREDICTION,8
2022-08-11,AAPL,1.846365782306176,0,1,0.6015299,0.20305979,0,Bullish,Bearish,OPPOSITE_PREDICTION,8
2022-08-11,GOOGL,0.5671935528947664,0,1,0.6165158,0.23303163,0,Bullish,Bearish,OPPOSITE_PREDICTION,8
2022-08-11,AMZN,0.4262811514604482,1,1,0.6177633,0.23552656,1,Bullish,Bullish,CORRECT_PREDICTION,8
2022-08-12,AMZN,-0.4195827143370935,1,1,0.60358506,0.20717013,1,Bullish,Bullish,CORRECT_PREDICTION,8
2022-08-14,AAPL,-0.8583555497966081,1,0,0.37074566,0.25850868,0,Bearish,Bullish,OPPOSITE_PREDICTION,8
2022-08-14,GOOGL,0.8274439060203814,0,0,0.31874278,0.36251444,1,Bearish,Bearish,CORRECT_PREDICTION,8
2022-08-14,AMZN,0.4748301905692453,0,0,0.2920303,0.4159394,1,Bearish,Bearish,CORRECT_PREDICTION,8
2022-08-15,MSFT,1.2662335206234634,1,0,0.28905296,0.42189407,0,Bearish,Bullish,OPPOSITE_PREDICTION,8
2022-08-15,GOOGL,-0.0639977297812088,0,0,0.31471682,0.37056637,1,Bearish,Bearish,CORRECT_PREDICTION,8
2022-08-15,AMZN,-0.8043633369117473,0,0,0.34198034,0.31603932,1,Bearish,Bearish,CORRECT_PREDICTION,8
2022-08-15,AAPL,0.0785101937986596,1,0,0.38835955,0.2232809,0,Bearish,Bullish,OPPOSITE_PREDICTION,8
2022-08-20,AMZN,-1.907033043964944,0,1,0.6129926,0.22598517,0,Bullish,Bearish,OPPOSITE_PREDICTION,8
2022-08-20,AAPL,-0.4116268471055534,0,1,0.6258414,0.25168276,0,Bullish,Bearish,OPPOSITE_PREDICTION,8
2022-08-21,MSFT,1.2726090003013169,1,1,0.61990255,0.2398051,1,Bullish,Bullish,CORRECT_PREDICTION,8
2022-08-21,AMZN,-1.0524793751828871,1,1,0.6062094,0.2124188,1,Bullish,Bullish,CORRECT_PREDICTION,8
2022-08-23,AMZN,0.2289219555104527,0,1,0.61634666,0.23269331,0,Bullish,Bearish,OPPOSITE_PREDICTION,8
2022-08-23,GOOGL,0.7562764202694925,0,1,0.6261966,0.25239325,0,Bullish,Bearish,OPPOSITE_PREDICTION,8
2022-08-24,AMZN,0.9908512210472205,0,1,0.6237651,0.24753022,0,Bullish,Bearish,OPPOSITE_PREDICTION,8
2022-08-24,GOOGL,0.3217859295482252,1,1,0.61073416,0.22146833,1,Bullish,Bullish,CORRECT_PREDICTION,8
2022-08-30,GOOGL,-0.4791906398969719,0,0,0.37366265,0.2526747,1,Bearish,Bearish,CORRECT_PREDICTION,8
2022-08-30,MSFT,-0.2709122263572226,1,0,0.37568536,0.24862927,0,Bearish,Bullish,OPPOSITE_PREDICTION,8
2022-08-30,AMZN,1.47037027277749,0,0,0.3895512,0.22089761,1,Bearish,Bearish,CORRECT_PREDICTION,8
2022-10-01,GOOGL,0.4569511525920505,0,0,0.3792412,0.2415176,1,Bearish,Bearish,CORRECT_PREDICTION,10
2022-10-01,MSFT,1.4896643431325676,0,0,0.3463407,0.30731863,1,Bearish,Bearish,CORRECT_PREDICTION,10
2022-10-01,AAPL,0.1702654855030973,0,0,0.37079465,0.2584107,1,Bearish,Bearish,CORRECT_PREDICTION,10
2022-10-03,MSFT,-1.401293351391647,0,1,0.6088628,0.21772563,0,Bullish,Bearish,OPPOSITE_PREDICTION,10
2022-10-03,AAPL,1.5093685410092637,1,1,0.6157323,0.23146462,1,Bullish,Bullish,CORRECT_PREDICTION,10
2022-10-03,AMZN,1.1038050879192902,1,1,0.6043928,0.20878565,1,Bullish,Bullish,CORRECT_PREDICTION,10
2022-10-04,GOOGL,-0.7189783857594888,0,0,0.39252457,0.21495086,1,Bearish,Bearish,CORRECT_PREDICTION,10
2022-10-05,GOOGL,-2.3671859971884746,0,0,0.3968661,0.20626777,1,Bearish,Bearish,CORRECT_PREDICTION,10
2022-10-07,AAPL,0.9484504234721964,0,0,0.38111186,0.23777628,1,Bearish,Bearish,CORRECT_PREDICTION,10
2022-10-07,AMZN,-0.49245189333016,0,0,0.35437083,0.29125834,1,Bearish,Bearish,CORRECT_PREDICTION,10
2022-10-07,MSFT,-2.780968075400199,0,0,0.34803432,0.30393136,1,Bearish,Bearish,CORRECT_PREDICTION,10
2022-10-08,GOOGL,1.0909576634850406,0,0,0.36923826,0.2615235,1,Bearish,Bearish,CORRECT_PREDICTION,10
2022-10-13,GOOGL,-0.0005920069336836,0,0,0.3852688,0.22946239,1,Bearish,Bearish,CORRECT_PREDICTION,10
2022-10-13,AAPL,0.8676479088577809,0,0,0.37492937,0.25014126,1,Bearish,Bearish,CORRECT_PREDICTION,10
2022-10-16,AMZN,0.7159978321345521,0,0,0.3755389,0.24892223,1,Bearish,Bearish,CORRECT_PREDICTION,10
2022-10-16,MSFT,-0.973781560590821,0,0,0.3629492,0.27410161,1,Bearish,Bearish,CORRECT_PREDICTION,10
2022-10-17,GOOGL,-0.8092696894652059,0,0,0.37245786,0.25508428,1,Bearish,Bearish,CORRECT_PREDICTION,10
2022-10-18,AAPL,-0.8859393312131957,0,1,0.6273463,0.25469255,0,Bullish,Bearish,OPPOSITE_PREDICTION,10
2022-10-18,GOOGL,1.1805368898120887,1,1,0.61402476,0.22804952,1,Bullish,Bullish,CORRECT_PREDICTION,10
2022-10-21,GOOGL,0.3195675637947456,1,1,0.62609273,0.25218546,1,Bullish,Bullish,CORRECT_PREDICTION,10
2022-10-21,AAPL,0.6335779482768072,0,1,0.6323458,0.2646916,0,Bullish,Bearish,OPPOSITE_PREDICTION,10
2022-10-21,MSFT,0.6475927583926082,1,1,0.62071514,0.24143028,1,Bullish,Bullish,CORRECT_PREDICTION,10
2022-10-21,AMZN,1.0605307105107666,1,1,0.6086347,0.21726942,1,Bullish,Bullish,CORRECT_PREDICTION,10
2022-10-22,GOOGL,0.8212069315855796,1,1,0.6008249,0.20164979,1,Bullish,Bullish,CORRECT_PREDICTION,10
2022-10-24,GOOGL,1.5768982772620304,1,0,0.3411835,0.31763297,0,Bearish,Bullish,OPPOSITE_PREDICTION,10
2022-10-25,GOOGL,0.5468192353195902,0,0,0.33086607,0.33826786,1,Bearish,Bearish,CORRECT_PREDICTION,10
2022-10-25,AAPL,-0.1338951232289066,1,0,0.332228,0.335544,0,Bearish,Bullish,OPPOSITE_PREDICTION,10
2022-10-25,MSFT,0.945663257358448,1,0,0.33989224,0.32021552,0,Bearish,Bullish,OPPOSITE_PREDICTION,10
2022-10-25,AMZN,0.6572372001270416,0,0,0.36622015,0.2675597,1,Bearish,Bearish,CORRECT_PREDICTION,10
2022-10-26,AAPL,0.0185234345613802,0,0,0.37677637,0.24644727,1,Bearish,Bearish,CORRECT_PREDICTION,10
2022-10-26,MSFT,0.9541200373746984,1,0,0.38733736,0.22532529,0,Bearish,Bullish,OPPOSITE_PREDICTION,10
2022-10-26,AMZN,1.5573709994942275,1,0,0.39681107,0.20637786,0,Bearish,Bullish,OPPOSITE_PREDICTION,10
2022-10-27,GOOGL,0.8414559831865518,1,0,0.39998913,0.20002174,0,Bearish,Bullish,OPPOSITE_PREDICTION,10
2022-10-27,MSFT,0.3176045794337829,0,0,0.39753988,0.20492023,1,Bearish,Bearish,CORRECT_PREDICTION,10
2022-10-27,AAPL,-0.1602339614025265,0,0,0.3986774,0.20264518,1,Bearish,Bearish,CORRECT_PREDICTION,10
2022-10-30,AAPL,-0.3148156131887568,0,0,0.38410106,0.23179787,1,Bearish,Bearish,CORRECT_PREDICTION,10
2022-10-30,AMZN,-1.0746519596970705,1,0,0.36390278,0.27219445,0,Bearish,Bullish,OPPOSITE_PREDICTION,10
2022-10-30,MSFT,-1.2212049755188714,0,0,0.3303142,0.33937162,1,Bearish,Bearish,CORRECT_PREDICTION,10
2022-10-31,MSFT,0.547017760550745,1,0,0.3291597,0.3416806,0,Bearish,Bullish,OPPOSITE_PREDICTION,10
2022-10-31,AAPL,-2.110694882798825,1,0,0.34687364,0.30625272,0,Bearish,Bullish,OPPOSITE_PREDICTION,10
2022-10-31,GOOGL,1.0702050353339256,1,0,0.36891264,0.26217473,0,Bearish,Bullish,OPPOSITE_PREDICTION,10
2022-10-31,AMZN,-1.357329247647097,0,0,0.3999811,0.20003778,1,Bearish,Bearish,CORRECT_PREDICTION,10
2022-11-02,AMZN,-0.8112949045954723,0,0,0.39798024,0.20403951,1,Bearish,Bearish,CORRECT_PREDICTION,11
2022-11-06,GOOGL,-2.596981218329471,0,0,0.39656827,0.20686346,1,Bearish,Bearish,CORRECT_PREDICTION,11
2022-11-07,AMZN,-0.9163651067350392,0,0,0.36965886,0.26068228,1,Bearish,Bearish,CORRECT_PREDICTION,11
2022-11-07,GOOGL,1.1171766639529026,1,0,0.29832864,0.40334272,0,Bearish,Bullish,OPPOSITE_PREDICTION,11
2022-11-07,MSFT,3.170124091512337,0,0,0.28761873,0.42476255,1,Bearish,Bearish,CORRECT_PREDICTION,11
2022-11-07,AAPL,-2.447428689515635,1,0,0.30110517,0.39778966,0,Bearish,Bullish,OPPOSITE_PREDICTION,11
2022-11-08,AAPL,0.8634333607706605,1,0,0.31592935,0.3681413,0,Bearish,Bullish,OPPOSITE_PREDICTION,11
2022-11-08,GOOGL,-1.828244904360137,1,0,0.33357522,0.33284956,0,Bearish,Bullish,OPPOSITE_PREDICTION,11
2022-11-08,MSFT,0.4348832301490098,1,0,0.36385512,0.27228975,0,Bearish,Bullish,OPPOSITE_PREDICTION,11
2022-11-08,AMZN,0.969320731085135,0,0,0.38062054,0.23875892,1,Bearish,Bearish,CORRECT_PREDICTION,11
2022-11-11,AMZN,-1.1561953981271331,0,1,0.6092268,0.21845365,0,Bullish,Bearish,OPPOSITE_PREDICTION,11
2022-11-17,AAPL,-0.4151680979028677,0,0,0.3977303,0.20453942,1,Bearish,Bearish,CORRECT_PREDICTION,11
2022-11-17,GOOGL,0.8057191474933566,1,0,0.37934035,0.2413193,0,Bearish,Bullish,OPPOSITE_PREDICTION,11
2022-11-17,MSFT,-1.505117874601806,1,0,0.37086222,0.25827557,0,Bearish,Bullish,OPPOSITE_PREDICTION,11
2022-11-17,AMZN,-1.8873374083756187,0,0,0.36451432,0.27097136,1,Bearish,Bearish,CORRECT_PREDICTION,11
2022-11-18,MSFT,-2.028463665419418,0,0,0.36062822,0.27874357,1,Bearish,Bearish,CORRECT_PREDICTION,11
2022-11-18,AAPL,1.2281181589152284,0,0,0.34512752,0.30974495,1,Bearish,Bearish,CORRECT_PREDICTION,11
2022-11-18,AMZN,-0.1811279962508006,0,0,0.35161605,0.2967679,1,Bearish,Bearish,CORRECT_PREDICTION,11
2022-11-18,GOOGL,0.5420113302085501,1,0,0.38489738,0.23020524,0,Bearish,Bullish,OPPOSITE_PREDICTION,11
2022-11-20,MSFT,0.6552608153166969,0,1,0.60781217,0.21562433,0,Bullish,Bearish,OPPOSITE_PREDICTION,11
2022-11-21,MSFT,0.9968105195175168,1,1,0.6287528,0.25750566,1,Bullish,Bullish,CORRECT_PREDICTION,11
2022-11-21,AMZN,-0.9088915188870132,1,1,0.657408,0.314816,1,Bullish,Bullish,CORRECT_PREDICTION,11
2022-11-21,GOOGL,0.3253396595503528,1,1,0.66167825,0.3233565,1,Bullish,Bullish,CORRECT_PREDICTION,11
2022-11-21,AAPL,0.9813219691236528,1,1,0.65335894,0.30671787,1,Bullish,Bullish,CORRECT_PREDICTION,11
2022-11-22,MSFT,-0.9108572613795632,1,1,0.6362203,0.27244055,1,Bullish,Bullish,CORRECT_PREDICTION,11
2022-11-23,GOOGL,0.2451189035960045,1,0,0.38289598,0.23420805,0,Bearish,Bullish,OPPOSITE_PREDICTION,11
2022-11-23,AAPL,2.1466052525705277,1,0,0.37877473,0.24245054,0,Bearish,Bullish,OPPOSITE_PREDICTION,11
2022-11-24,AMZN,0.5291136760017499,0,0,0.39315107,0.21369785,1,Bearish,Bearish,CORRECT_PREDICTION,11
2022-11-25,GOOGL,0.3436618659058134,0,0,0.39221755,0.2155649,1,Bearish,Bearish,CORRECT_PREDICTION,11
2022-11-25,AAPL,1.3464893384050975,1,0,0.38477597,0.23044807,0,Bearish,Bullish,OPPOSITE_PREDICTION,11
2022-11-25,AMZN,1.5022635374862838,0,0,0.3810159,0.2379682,1,Bearish,Bearish,CORRECT_PREDICTION,11
2022-11-25,MSFT,1.3334736754053562,1,0,0.38522202,0.22955596,0,Bearish,Bullish,OPPOSITE_PREDICTION,11
2022-11-28,MSFT,-0.1932967819654998,1,0,0.36777112,0.26445776,0,Bearish,Bullish,OPPOSITE_PREDICTION,11
2022-11-28,AAPL,-0.738233041490035,0,0,0.3349718,0.33005643,1,Bearish,Bearish,CORRECT_PREDICTION,11
2022-11-28,GOOGL,0.0035142553701015,1,0,0.32401273,0.35197455,0,Bearish,Bullish,OPPOSITE_PREDICTION,11
2022-11-29,AAPL,0.311831936806058,0,0,0.3315053,0.3369894,1,Bearish,Bearish,CORRECT_PREDICTION,11
2022-11-29,MSFT,-0.7727968188207355,0,0,0.3505761,0.2988478,1,Bearish,Bearish,CORRECT_PREDICTION,11
2022-11-29,AMZN,1.2290898756889257,1,0,0.3733074,0.2533852,0,Bearish,Bullish,OPPOSITE_PREDICTION,11
2022-11-29,GOOGL,-0.6036729334746227,0,0,0.39803526,0.20392948,1,Bearish,Bearish,CORRECT_PREDICTION,11
2022-12-01,GOOGL,-0.2368383945934047,0,1,0.61734146,0.23468292,0,Bullish,Bearish,OPPOSITE_PREDICTION,12
2022-12-01,AMZN,1.0208203193686949,0,1,0.64546496,0.2909299,0,Bullish,Bearish,OPPOSITE_PREDICTION,12
2022-12-02,AMZN,0.4379577627093201,1,1,0.66576564,0.3315313,1,Bullish,Bullish,CORRECT_PREDICTION,12
2022-12-02,MSFT,0.1820488815072747,1,1,0.6745087,0.34901738,1,Bullish,Bullish,CORRECT_PREDICTION,12
2022-12-02,GOOGL,0.8371284379717256,1,1,0.6630638,0.32612765,1,Bullish,Bullish,CORRECT_PREDICTION,12
2022-12-07,MSFT,-0.1921048788363867,0,0,0.38982242,0.22035515,1,Bearish,Bearish,CORRECT_PREDICTION,12
2022-12-07,GOOGL,-0.110027609625816,1,0,0.3665488,0.2669024,0,Bearish,Bullish,OPPOSITE_PREDICTION,12
2022-12-08,AAPL,0.3183175875327882,0,0,0.3337841,0.3324318,1,Bearish,Bearish,CORRECT_PREDICTION,12
2022-12-08,GOOGL,-0.0794594355651646,1,0,0.30987114,0.38025773,0,Bearish,Bullish,OPPOSITE_PREDICTION,12
2022-12-08,MSFT,1.860334362684866,0,0,0.29103914,0.41792172,1,Bearish,Bearish,CORRECT_PREDICTION,12
2022-12-08,AMZN,-0.192245372565428,0,0,0.28520578,0.42958844,1,Bearish,Bearish,CORRECT_PREDICTION,12
2022-12-09,GOOGL,0.2562732634689951,0,0,0.30890188,0.38219625,1,Bearish,Bearish,CORRECT_PREDICTION,12
2022-12-09,AAPL,-0.321964794689808,0,0,0.33262712,0.33474576,1,Bearish,Bearish,CORRECT_PREDICTION,12
2022-12-09,MSFT,-0.585462660615593,0,0,0.35948104,0.28103793,1,Bearish,Bearish,CORRECT_PREDICTION,12
2022-12-11,AAPL,1.1487451217853537,0,0,0.39754274,0.20491451,1,Bearish,Bearish,CORRECT_PREDICTION,12
2022-12-12,AMZN,0.2171797880029617,0,0,0.3877307,0.22453862,1,Bearish,Bearish,CORRECT_PREDICTION,12
2022-12-13,MSFT,-0.3661939484997688,1,1,0.60500306,0.21000612,1,Bullish,Bullish,CORRECT_PREDICTION,12
2022-12-14,MSFT,1.441961977860479,0,1,0.602225,0.20445001,0,Bullish,Bearish,OPPOSITE_PREDICTION,12
2022-12-17,AAPL,-0.5624573362018851,0,0,0.39779598,0.20440805,1,Bearish,Bearish,CORRECT_PREDICTION,12
2022-12-17,AMZN,-1.0026962088954456,0,0,0.39762506,0.20474988,1,Bearish,Bearish,CORRECT_PREDICTION,12
2022-12-20,MSFT,-0.2137528681218947,0,0,0.3736836,0.2526328,1,Bearish,Bearish,CORRECT_PREDICTION,12
2022-12-20,AAPL,-0.0184999375505536,1,0,0.3613096,0.27738082,0,Bearish,Bullish,OPPOSITE_PREDICTION,12
2022-12-20,AMZN,-0.3380062582666572,0,0,0.35961497,0.28077006,1,Bearish,Bearish,CORRECT_PREDICTION,12
2022-12-21,AMZN,-0.8798942994646255,1,0,0.36300936,0.27398127,0,Bearish,Bullish,OPPOSITE_PREDICTION,12
2022-12-21,MSFT,0.9040728424175544,0,0,0.371176,0.257648,1,Bearish,Bearish,CORRECT_PREDICTION,12
2022-12-21,AAPL,0.0083920586151162,1,0,0.38724545,0.2255091,0,Bearish,Bullish,OPPOSITE_PREDICTION,12
2022-12-23,MSFT,0.6996272331482479,1,0,0.38304865,0.2339027,0,Bearish,Bullish,OPPOSITE_PREDICTION,12
2022-12-23,AMZN,0.997199968043886,0,0,0.37436262,0.25127476,1,Bearish,Bearish,CORRECT_PREDICTION,12
2022-12-24,GOOGL,-1.600440924939926,0,0,0.3711706,0.25765878,1,Bearish,Bearish,CORRECT_PREDICTION,12
2022-12-24,MSFT,-1.3264190371979645,1,0,0.36648983,0.26702034,0,Bearish,Bullish,OPPOSITE_PREDICTION,12
2022-12-24,AMZN,0.2407702344958859,1,0,0.32718864,0.34562272,0,Bearish,Bullish,OPPOSITE_PREDICTION,12
2022-12-24,AAPL,-0.1478947804195639,0,0,0.32131395,0.3573721,1,Bearish,Bearish,CORRECT_PREDICTION,12
2022-12-25,AMZN,-0.6324740660492761,1,0,0.32418346,0.35163307,0,Bearish,Bullish,OPPOSITE_PREDICTION,12
2022-12-25,AAPL,0.984550344069122,0,0,0.33554134,0.32891732,1,Bearish,Bearish,CORRECT_PREDICTION,12
2022-12-25,MSFT,0.1967171151896589,0,0,0.3769047,0.24619061,1,Bearish,Bearish,CORRECT_PREDICTION,12
2022-12-25,GOOGL,1.8139390811186415,0,0,0.3984828,0.2030344,1,Bearish,Bearish,CORRECT_PREDICTION,12
2022-12-29,GOOGL,-1.3413915433521582,1,0,0.34887284,0.30225432,0,Bearish,Bullish,OPPOSITE_PREDICTION,12
2022-12-29,MSFT,-0.964100577035432,1,0,0.33301684,0.3339663,0,Bearish,Bullish,OPPOSITE_PREDICTION,12
2022-12-29,AMZN,-0.2571398246730324,0,0,0.3270001,0.34599978,1,Bearish,Bearish,CORRECT_PREDICTION,12
2022-12-29,AAPL,-0.8175549120351624,0,0,0.3307332,0.33853358,1,Bearish,Bearish,CORRECT_PREDICTION,12
2022-12-30,GOOGL,1.1430025280037168,0,0,0.34925282,0.30149436,1,Bearish,Bearish,CORRECT_PREDICTION,12
2022-12-30,MSFT,1.1286037421244846,1,0,0.37970024,0.24059951,0,Bearish,Bullish,OPPOSITE_PREDICTION,12
2023-01-01,MSFT,0.5793468279906723,1,1,0.62522507,0.25045013,1,Bullish,Bullish,CORRECT_PREDICTION,1
2023-01-01,AAPL,-0.6736510044656323,0,1,0.63773096,0.2754619,0,Bullish,Bearish,OPPOSITE_PREDICTION,1
2023-01-01,GOOGL,-0.7925985277831571,1,1,0.64584553,0.29169106,1,Bullish,Bullish,CORRECT_PREDICTION,1
2023-01-01,AMZN,0.6649625816477259,1,1,0.64854336,0.29708672,1,Bullish,Bullish,CORRECT_PREDICTION,1
2023-01-02,MSFT,0.4086346272149445,1,1,0.6269995,0.253999,1,Bullish,Bullish,CORRECT_PREDICTION,1
2023-01-07,AAPL,-1.2649601948936595,0,0,0.39022636,0.21954727,1,Bearish,Bearish,CORRECT_PREDICTION,1
2023-01-07,AMZN,-0.9805640199297776,0,0,0.33685216,0.32629567,1,Bearish,Bearish,CORRECT_PREDICTION,1
2023-01-07,MSFT,0.4218341043996581,1,0,0.31264856,0.37470287,0,Bearish,Bullish,OPPOSITE_PREDICTION,1
2023-01-07,GOOGL,2.1924835983705013,1,0,0.35195777,0.29608446,0,Bearish,Bullish,OPPOSITE_PREDICTION,1
2023-01-09,GOOGL,0.6126328329113636,0,0,0.38933122,0.22133756,1,Bearish,Bearish,CORRECT_PREDICTION,1
2023-01-09,AAPL,1.522196185156644,0,0,0.3741136,0.25177282,1,Bearish,Bearish,CORRECT_PREDICTION,1
2023-01-12,AMZN,1.7077113214799102,1,0,0.38993508,0.22012985,0,Bearish,Bullish,OPPOSITE_PREDICTION,1
2023-01-12,AAPL,-1.894049704313287,0,0,0.37370503,0.25258994,1,Bearish,Bearish,CORRECT_PREDICTION,1
2023-01-13,GOOGL,1.016408728968358,0,0,0.36376625,0.2724675,1,Bearish,Bearish,CORRECT_PREDICTION,1
2023-01-13,AMZN,1.4520528385117724,1,0,0.36794615,0.2641077,0,Bearish,Bullish,OPPOSITE_PREDICTION,1
2023-01-13,AAPL,1.8449347726214531,0,0,0.37847477,0.24305046,1,Bearish,Bearish,CORRECT_PREDICTION,1
2023-01-13,MSFT,0.2797307011921278,0,0,0.38866362,0.22267276,1,Bearish,Bearish,CORRECT_PREDICTION,1
2023-01-14,AAPL,0.9365693618757835,0,0,0.39538047,0.20923907,1,Bearish,Bearish,CORRECT_PREDICTION,1
2023-01-14,MSFT,0.2247033407531524,1,0,0.39959472,0.20081055,0,Bearish,Bullish,OPPOSITE_PREDICTION,1
2023-01-17,AAPL,0.1903366323971788,0,0,0.3700463,0.25990742,1,Bearish,Bearish,CORRECT_PREDICTION,1
2023-01-17,AMZN,0.4395899595258369,0,0,0.3847743,0.2304514,1,Bearish,Bearish,CORRECT_PREDICTION,1
2023-01-19,MSFT,-0.2205899914049535,1,1,0.6016307,0.20326138,1,Bullish,Bullish,CORRECT_PREDICTION,1
2023-01-19,AAPL,1.0953390002427994,1,1,0.6336126,0.26722515,1,Bullish,Bullish,CORRECT_PREDICTION,1
2023-01-19,GOOGL,-0.2350643667740738,1,1,0.655051,0.310102,1,Bullish,Bullish,CORRECT_PREDICTION,1
2023-01-19,AMZN,0.1005261044370232,1,1,0.65820336,0.31640673,1,Bullish,Bullish,CORRECT_PREDICTION,1
2023-01-20,MSFT,-0.1059416224869943,0,0,0.34844342,0.30311316,1,Bearish,Bearish,CORRECT_PREDICTION,1
2023-01-21,MSFT,0.6014038686257803,0,0,0.33953267,0.32093465,1,Bearish,Bearish,CORRECT_PREDICTION,1
2023-01-21,GOOGL,-1.4580373967146714,1,0,0.37399256,0.25201488,0,Bearish,Bullish,OPPOSITE_PREDICTION,1
2023-01-21,AMZN,1.649737360781343,0,0,0.39374253,0.21251494,1,Bearish,Bearish,CORRECT_PREDICTION,1
2023-01-24,MSFT,-0.4522447179772904,0,1,0.6130231,0.2260462,0,Bullish,Bearish,OPPOSITE_PREDICTION,1
2023-01-24,AAPL,1.2418391232749626,0,1,0.6153214,0.2306428,0,Bullish,Bearish,OPPOSITE_PREDICTION,1
2023-01-24,GOOGL,-0.1387367299963573,1,1,0.6075653,0.21513057,1,Bullish,Bullish,CORRECT_PREDICTION,1
2023-01-26,MSFT,0.2852672497247047,0,0,0.34942693,0.30114615,1,Bearish,Bearish,CORRECT_PREDICTION,1
2023-01-26,AAPL,0.40750870244242,1,0,0.37469393,0.25061214,0,Bearish,Bullish,OPPOSITE_PREDICTION,1
2023-01-27,AMZN,-0.9514009163763096,0,1,0.60608566,0.21217132,0,Bullish,Bearish,OPPOSITE_PREDICTION,1
2023-01-28,AMZN,-1.0477103781873796,0,1,0.6206437,0.24128735,0,Bullish,Bearish,OPPOSITE_PREDICTION,1
2023-01-28,MSFT,1.7853621254377223,1,1,0.6390158,0.2780316,1,Bullish,Bullish,CORRECT_PREDICTION,1
2023-01-28,AAPL,-0.51326824100762,0,1,0.6453688,0.29073763,0,Bullish,Bearish,OPPOSITE_PREDICTION,1
2023-01-28,GOOGL,-1.2464335387704273,0,1,0.64416826,0.28833652,0,Bullish,Bearish,OPPOSITE_PREDICTION,1
2023-01-29,AMZN,-1.6742407260884573,1,1,0.62965745,0.2593149,1,Bullish,Bullish,CORRECT_PREDICTION,1
2023-01-30,AAPL,-0.1476452728669565,1,0,0.38578174,0.22843653,0,Bearish,Bullish,OPPOSITE_PREDICTION,1
2023-01-30,MSFT,0.2057454738354529,0,0,0.3774108,0.2451784,1,Bearish,Bearish,CORRECT_PREDICTION,1
2023-01-30,AMZN,0.2297790981245132,0,0,0.39219773,0.21560454,1,Bearish,Bearish,CORRECT_PREDICTION,1
2023-01-31,GOOGL,1.6439494352331214,1,1,0.61563563,0.23127127,1,Bullish,Bullish,CORRECT_PREDICTION,1
2023-02-01,MSFT,1.2312683732326826,1,1,0.62279034,0.24558067,1,Bullish,Bullish,CORRECT_PREDICTION,2
2023-02-01,GOOGL,0.7572853829094311,1,1,0.6182685,0.23653698,1,Bullish,Bullish,CORRECT_PREDICTION,2
2023-02-01,AAPL,0.3804127551653269,1,1,0.6151216,0.2302432,1,Bullish,Bullish,CORRECT_PREDICTION,2
2023-02-01,AMZN,1.5848939060524945,1,1,0.61265546,0.22531092,1,Bullish,Bullish,CORRECT_PREDICTION,2
2023-02-02,AAPL,-1.943757277200532,1,1,0.6108327,0.22166538,1,Bullish,Bullish,CORRECT_PREDICTION,2
2023-02-02,GOOGL,-1.083738023043284,0,1,0.60438216,0.20876431,0,Bullish,Bearish,OPPOSITE_PREDICTION,2
2023-02-04,MSFT,-1.089947441493365,0,0,0.3207416,0.3585168,1,Bearish,Bearish,CORRECT_PREDICTION,2
2023-02-04,AMZN,0.5417951464097981,0,0,0.31072617,0.37854767,1,Bearish,Bearish,CORRECT_PREDICTION,2
2023-02-04,GOOGL,-0.7083498596729576,0,0,0.33133712,0.33732575,1,Bearish,Bearish,CORRECT_PREDICTION,2
2023-02-04,AAPL,0.7068044219139015,0,0,0.36997455,0.2600509,1,Bearish,Bearish,CORRECT_PREDICTION,2
2023-02-07,GOOGL,-0.270022599540613,1,1,0.6086638,0.2173276,1,Bullish,Bullish,CORRECT_PREDICTION,2
2023-02-07,AMZN,-0.695814196545515,1,1,0.6270326,0.25406516,1,Bullish,Bullish,CORRECT_PREDICTION,2
2023-02-07,MSFT,-0.1241537930112772,1,1,0.64214325,0.2842865,1,Bullish,Bullish,CORRECT_PREDICTION,2
2023-02-08,GOOGL,-1.3883867901609264,1,1,0.6535239,0.30704784,1,Bullish,Bullish,CORRECT_PREDICTION,2
2023-02-08,AMZN,-0.0342732603170737,1,1,0.6360583,0.27211654,1,Bullish,Bullish,CORRECT_PREDICTION,2
2023-02-08,MSFT,0.525438209752176,1,1,0.60548544,0.21097088,1,Bullish,Bullish,CORRECT_PREDICTION,2
2023-02-09,AMZN,1.38120393023716,1,0,0.39702168,0.20595664,0,Bearish,Bullish,OPPOSITE_PREDICTION,2
2023-02-09,GOOGL,-0.1383177651120541,0,0,0.2846036,0.4307928,1,Bearish,Bearish,CORRECT_PREDICTION,2
2023-02-10,AMZN,0.0212660980140241,0,0,0.27092403,0.45815194,1,Bearish,Bearish,CORRECT_PREDICTION,2
2023-02-10,MSFT,0.0431497969647788,0,0,0.2877606,0.42447883,1,Bearish,Bearish,CORRECT_PREDICTION,2
2023-02-10,AAPL,0.9112060632470927,0,0,0.32074288,0.35851425,1,Bearish,Bearish,CORRECT_PREDICTION,2
2023-02-15,GOOGL,0.9195199859212644,0,1,0.61720634,0.23441267,0,Bullish,Bearish,OPPOSITE_PREDICTION,2
2023-02-15,AMZN,0.0799854473892645,1,1,0.6243253,0.24865055,1,Bullish,Bullish,CORRECT_PREDICTION,2
2023-02-15,MSFT,0.6066456915344108,1,1,0.618551,0.23710203,1,Bullish,Bullish,CORRECT_PREDICTION,2
2023-02-15,AAPL,-1.024865265224967,1,1,0.606272,0.21254396,1,Bullish,Bullish,CORRECT_PREDICTION,2
2023-02-17,GOOGL,-0.080809509682908,1,0,0.37899455,0.24201089,0,Bearish,Bullish,OPPOSITE_PREDICTION,2
2023-02-18,AAPL,0.6582676075801236,1,0,0.38067415,0.2386517,0,Bearish,Bullish,OPPOSITE_PREDICTION,2
2023-02-18,AMZN,2.1730243185593867,1,0,0.3911596,0.21768081,0,Bearish,Bullish,OPPOSITE_PREDICTION,2
2023-02-22,MSFT,0.3897262683985875,0,0,0.36884177,0.26231647,1,Bearish,Bearish,CORRECT_PREDICTION,2
2023-02-22,AAPL,0.7846042962395074,0,0,0.32660678,0.34678644,1,Bearish,Bearish,CORRECT_PREDICTION,2
2023-02-22,GOOGL,-0.2632882592701065,0,0,0.29844037,0.40311927,1,Bearish,Bearish,CORRECT_PREDICTION,2
2023-02-23,AAPL,-0.9532384707156044,0,0,0.294381,0.411238,1,Bearish,Bearish,CORRECT_PREDICTION,2
2023-02-23,AMZN,0.0427089184861573,0,0,0.34494302,0.31011397,1,Bearish,Bearish,CORRECT_PREDICTION,2
2023-02-23,MSFT,-0.2155497491269847,0,0,0.3781155,0.24376899,1,Bearish,Bearish,CORRECT_PREDICTION,2
2023-03-07,AAPL,0.0416232319488399,0,0,0.3925166,0.21496677,1,Bearish,Bearish,CORRECT_PREDICTION,3
2023-03-07,GOOGL,-1.0623215546752305,0,0,0.35641763,0.28716475,1,Bearish,Bearish,CORRECT_PREDICTION,3
2023-03-08,GOOGL,-1.2121674669446367,1,0,0.37131166,0.25737667,0,Bearish,Bullish,OPPOSITE_PREDICTION,3
2023-03-09,GOOGL,-1.2463283357884487,0,1,0.63210547,0.26421094,0,Bullish,Bearish,OPPOSITE_PREDICTION,3
2023-03-09,MSFT,0.3435649886694366,0,1,0.6519063,0.30381262,0,Bullish,Bearish,OPPOSITE_PREDICTION,3
2023-03-09,AAPL,-0.407633418061153,1,1,0.6532748,0.30654955,1,Bullish,Bullish,CORRECT_PREDICTION,3
2023-03-09,AMZN,1.6161113246086851,1,1,0.6348726,0.26974523,1,Bullish,Bullish,CORRECT_PREDICTION,3
2023-03-10,MSFT,-0.3219996092884796,0,1,0.6091862,0.21837234,0,Bullish,Bearish,OPPOSITE_PREDICTION,3
2023-03-17,GOOGL,-0.9011395334083836,1,1,0.6174895,0.23497903,1,Bullish,Bullish,CORRECT_PREDICTION,3
2023-03-17,AAPL,0.7925645320693413,1,1,0.63279164,0.26558328,1,Bullish,Bullish,CORRECT_PREDICTION,3
2023-03-17,AMZN,-0.0785793479776101,1,1,0.63967055,0.2793411,1,Bullish,Bullish,CORRECT_PREDICTION,3
2023-03-19,GOOGL,0.9258029876629276,1,0,0.38882953,0.22234094,0,Bearish,Bullish,OPPOSITE_PREDICTION,3
2023-03-19,MSFT,-1.337833174230625,0,0,0.3913182,0.2173636,1,Bearish,Bearish,CORRECT_PREDICTION,3
2023-03-19,AMZN,1.4503863483682966,1,0,0.39930078,0.20139843,0,Bearish,Bullish,OPPOSITE_PREDICTION,3
2023-03-23,AMZN,0.3136816358290951,0,0,0.36886704,0.26226592,1,Bearish,Bearish,CORRECT_PREDICTION,3
2023-03-23,AAPL,-1.9086025050308373,0,0,0.35329324,0.29341352,1,Bearish,Bearish,CORRECT_PREDICTION,3
2023-03-23,GOOGL,0.5678027688647365,0,0,0.35891324,0.2821735,1,Bearish,Bearish,CORRECT_PREDICTION,3
2023-03-25,GOOGL,0.9298189261707666,0,1,0.6008363,0.20167255,0,Bullish,Bearish,OPPOSITE_PREDICTION,3
2023-03-25,AMZN,0.8408714717215241,0,1,0.62035424,0.24070847,0,Bullish,Bearish,OPPOSITE_PREDICTION,3
2023-03-25,AAPL,0.7548668032763483,1,1,0.6142069,0.22841382,1,Bullish,Bullish,CORRECT_PREDICTION,3
2023-03-27,AAPL,-1.5726218143824613,1,1,0.6062083,0.21241665,1,Bullish,Bullish,CORRECT_PREDICTION,3
2023-03-27,AMZN,0.2484373337017258,1,1,0.6021019,0.20420384,1,Bullish,Bullish,CORRECT_PREDICTION,3
2023-04-01,GOOGL,-0.5523260545064408,0,0,0.39231575,0.21536851,1,Bearish,Bearish,CORRECT_PREDICTION,4
2023-04-02,AMZN,1.2896561379408744,1,0,0.3491627,0.3016746,0,Bearish,Bullish,OPPOSITE_PREDICTION,4
2023-04-02,GOOGL,-1.484860454141867,0,0,0.32593548,0.34812903,1,Bearish,Bearish,CORRECT_PREDICTION,4
2023-04-02,AAPL,0.8439826881623402,0,0,0.30107692,0.39784616,1,Bearish,Bearish,CORRECT_PREDICTION,4
2023-04-02,MSFT,-1.7764734053645377,0,0,0.29356176,0.4128765,1,Bearish,Bearish,CORRECT_PREDICTION,4
2023-04-03,GOOGL,0.9340310310501864,1,0,0.2884066,0.42318678,0,Bearish,Bullish,OPPOSITE_PREDICTION,4
2023-04-03,MSFT,1.079044443341307,0,0,0.2980866,0.40382677,1,Bearish,Bearish,CORRECT_PREDICTION,4
2023-04-03,AAPL,0.5424770707839001,0,0,0.31243053,0.37513894,1,Bearish,Bearish,CORRECT_PREDICTION,4
2023-04-03,AMZN,-0.6469065003485418,0,0,0.3304565,0.339087,1,Bearish,Bearish,CORRECT_PREDICTION,4
2023-04-04,GOOGL,3.296598016973699,0,0,0.33458257,0.33083487,1,Bearish,Bearish,CORRECT_PREDICTION,4
2023-04-04,AMZN,-0.5283265527162612,1,0,0.34384072,0.31231856,0,Bearish,Bullish,OPPOSITE_PREDICTION,4
2023-04-04,AAPL,-0.4845598942824606,0,0,0.3579869,0.2840262,1,Bearish,Bearish,CORRECT_PREDICTION,4
2023-04-04,MSFT,-0.8040846457076349,0,0,0.37018594,0.25962812,1,Bearish,Bearish,CORRECT_PREDICTION,4
2023-04-05,MSFT,-0.5081533153019951,0,0,0.3889266,0.22214681,1,Bearish,Bearish,CORRECT_PREDICTION,4
2023-04-06,AAPL,1.4788431719671242,1,0,0.38428795,0.2314241,0,Bearish,Bullish,OPPOSITE_PREDICTION,4
2023-04-07,AAPL,0.5394291062226075,0,0,0.38179412,0.23641175,1,Bearish,Bearish,CORRECT_PREDICTION,4
2023-04-07,MSFT,1.7667809088650492,0,0,0.39130068,0.21739864,1,Bearish,Bearish,CORRECT_PREDICTION,4
2023-04-10,AAPL,-0.0234116939641845,1,0,0.35079893,0.29840213,0,Bearish,Bullish,OPPOSITE_PREDICTION,4
2023-04-10,GOOGL,-0.8251370617633764,0,0,0.29931575,0.4013685,1,Bearish,Bearish,CORRECT_PREDICTION,4
2023-04-10,AMZN,-0.8100819459135699,0,0,0.26383054,0.4723389,1,Bearish,Bearish,CORRECT_PREDICTION,4
2023-04-11,MSFT,1.6091103672568914,0,0,0.27300656,0.45398688,1,Bearish,Bearish,CORRECT_PREDICTION,4
2023-04-11,AMZN,1.996044662098379,1,0,0.3147978,0.37040442,0,Bearish,Bullish,OPPOSITE_PREDICTION,4
2023-04-11,GOOGL,-1.033131754522363,0,0,0.3564852,0.28702962,1,Bearish,Bearish,CORRECT_PREDICTION,4
2023-04-15,GOOGL,0.6711822130691512,1,0,0.38470304,0.23059392,0,Bearish,Bullish,OPPOSITE_PREDICTION,4
2023-04-15,AAPL,0.4268199132335378,0,0,0.37249342,0.25501317,1,Bearish,Bearish,CORRECT_PREDICTION,4
2023-04-15,AMZN,-1.5652289917269386,0,0,0.3708842,0.25823158,1,Bearish,Bearish,CORRECT_PREDICTION,4
2023-04-15,MSFT,0.4066060382857681,1,0,0.375115,0.24976999,0,Bearish,Bullish,OPPOSITE_PREDICTION,4
2023-04-16,GOOGL,-0.8272061680470533,0,0,0.39029965,0.2194007,1,Bearish,Bearish,CORRECT_PREDICTION,4
2023-04-18,AMZN,2.0039745436660503,0,0,0.36281872,0.27436256,1,Bearish,Bearish,CORRECT_PREDICTION,4
2023-04-18,MSFT,0.9588603803858048,0,0,0.3723393,0.25532138,1,Bearish,Bearish,CORRECT_PREDICTION,4
2023-04-18,GOOGL,0.7854353243124432,1,0,0.39705774,0.20588452,0,Bearish,Bullish,OPPOSITE_PREDICTION,4
2023-04-21,AMZN,0.0845198000256012,0,0,0.36679283,0.26641434,1,Bearish,Bearish,CORRECT_PREDICTION,4
2023-04-21,MSFT,0.4774478507954741,1,0,0.36391085,0.2721783,0,Bearish,Bullish,OPPOSITE_PREDICTION,4
2023-04-22,AAPL,-1.2098223087571065,1,0,0.38231716,0.23536569,0,Bearish,Bullish,OPPOSITE_PREDICTION,4
2023-04-25,AAPL,1.8045088404857383,0,1,0.6240586,0.24811721,0,Bullish,Bearish,OPPOSITE_PREDICTION,4
2023-04-26,AAPL,-1.8229315620187792,0,1,0.6303457,0.2606914,0,Bullish,Bearish,OPPOSITE_PREDICTION,4
2023-04-26,AMZN,0.3483512900736376,1,1,0.6068479,0.21369576,1,Bullish,Bullish,CORRECT_PREDICTION,4
2023-06-02,AAPL,-0.6471742963068481,0,1,0.60655403,0.21310806,0,Bullish,Bearish,OPPOSITE_PREDICTION,6
2023-06-02,AMZN,-1.2763655517588035,1,1,0.62415516,0.24831033,1,Bullish,Bullish,CORRECT_PREDICTION,6
2023-06-02,MSFT,-1.293892663200066,1,1,0.6371658,0.27433157,1,Bullish,Bullish,CORRECT_PREDICTION,6
2023-06-02,GOOGL,-0.1806049489350852,1,1,0.6439018,0.28780365,1,Bullish,Bullish,CORRECT_PREDICTION,6
2023-06-03,AMZN,0.2656290210239025,0,1,0.64237213,0.28474426,0,Bullish,Bearish,OPPOSITE_PREDICTION,6
2023-06-03,MSFT,-2.19075626784962,0,1,0.6329217,0.2658434,0,Bullish,Bearish,OPPOSITE_PREDICTION,6
2023-06-03,AAPL,0.587571902406664,1,1,0.6086383,0.21727657,1,Bullish,Bullish,CORRECT_PREDICTION,6
2023-06-09,AAPL,0.1865406327917788,0,0,0.3927796,0.21444082,1,Bearish,Bearish,CORRECT_PREDICTION,6
2023-06-09,MSFT,-0.4745440757107464,0,0,0.3731455,0.25370902,1,Bearish,Bearish,CORRECT_PREDICTION,6
2023-06-10,MSFT,0.955998368693496,0,0,0.38017693,0.23964614,1,Bearish,Bearish,CORRECT_PREDICTION,6
2023-06-10,AMZN,0.8989714166156105,1,0,0.3991224,0.20175523,0,Bearish,Bullish,OPPOSITE_PREDICTION,6
2023-06-12,GOOGL,-1.1209742956332458,1,1,0.6169555,0.23391104,1,Bullish,Bullish,CORRECT_PREDICTION,6
2023-06-12,AMZN,-0.6350886126367007,1,1,0.63577724,0.27155447,1,Bullish,Bullish,CORRECT_PREDICTION,6
2023-06-13,AMZN,2.22702687386229,1,1,0.6528809,0.3057618,1,Bullish,Bullish,CORRECT_PREDICTION,6
2023-06-13,MSFT,0.5836686890572114,0,1,0.6557707,0.31154144,0,Bullish,Bearish,OPPOSITE_PREDICTION,6
2023-06-13,AAPL,1.4023660611573654,1,1,0.6502987,0.30059743,1,Bullish,Bullish,CORRECT_PREDICTION,6
2023-06-13,GOOGL,-1.7828539688407503,1,1,0.61554044,0.23108089,1,Bullish,Bullish,CORRECT_PREDICTION,6
2023-06-16,AMZN,0.0555690464257317,1,0,0.32859722,0.34280556,0,Bearish,Bullish,OPPOSITE_PREDICTION,6
2023-06-16,GOOGL,0.4513472584989261,1,0,0.31797764,0.36404473,0,Bearish,Bullish,OPPOSITE_PREDICTION,6
2023-06-16,AAPL,0.413106136180137,0,0,0.32947457,0.34105086,1,Bearish,Bearish,CORRECT_PREDICTION,6
2023-06-17,AMZN,-0.1055996987910752,0,0,0.3610421,0.27791578,1,Bearish,Bearish,CORRECT_PREDICTION,6
2023-06-22,AAPL,0.396205383578993,0,0,0.39111933,0.21776134,1,Bearish,Bearish,CORRECT_PREDICTION,6
2023-06-23,MSFT,-0.1740429647330483,1,0,0.35458747,0.29082507,0,Bearish,Bullish,OPPOSITE_PREDICTION,6
2023-06-23,AMZN,2.186714162742367,0,0,0.32894453,0.34211093,1,Bearish,Bearish,CORRECT_PREDICTION,6
2023-06-23,GOOGL,-0.0779151287462632,1,0,0.33039758,0.33920485,0,Bearish,Bullish,OPPOSITE_PREDICTION,6
2023-06-23,AAPL,-0.6929357716879265,0,0,0.36175975,0.2764805,1,Bearish,Bearish,CORRECT_PREDICTION,6
2023-06-26,AAPL,-1.6797284425517427,1,0,0.38652134,0.22695732,0,Bearish,Bullish,OPPOSITE_PREDICTION,6
2023-06-26,MSFT,1.993700019965712,1,0,0.37953487,0.24093026,0,Bearish,Bullish,OPPOSITE_PREDICTION,6
2023-06-27,MSFT,1.2461825960462245,0,0,0.39444417,0.21111166,1,Bearish,Bearish,CORRECT_PREDICTION,6
2023-06-28,AAPL,2.0582050534971037,1,1,0.6256052,0.25121045,1,Bullish,Bullish,CORRECT_PREDICTION,6
2023-06-28,AMZN,-0.6377223714105035,0,1,0.63889,0.27778006,0,Bullish,Bearish,OPPOSITE_PREDICTION,6
2023-06-29,AMZN,0.7263183701485737,1,1,0.6477393,0.29547858,1,Bullish,Bullish,CORRECT_PREDICTION,6
2023-06-29,GOOGL,-1.6416527032056747,0,1,0.65313846,0.30627692,0,Bullish,Bearish,OPPOSITE_PREDICTION,6
2023-06-29,AAPL,-0.2943098486005783,1,1,0.6445127,0.28902543,1,Bullish,Bullish,CORRECT_PREDICTION,6
2023-06-29,MSFT,-0.9506532606072752,1,1,0.6322093,0.2644186,1,Bullish,Bullish,CORRECT_PREDICTION,6
2023-06-30,AMZN,-0.9818728506605438,1,1,0.61783314,0.23566628,1,Bullish,Bullish,CORRECT_PREDICTION,6
2023-06-30,AAPL,0.7679989066370558,1,1,0.6022164,0.20443285,1,Bullish,Bullish,CORRECT_PREDICTION,6
2023-07-01,GOOGL,-0.9869487635197546,0,0,0.397249,0.20550197,1,Bearish,Bearish,CORRECT_PREDICTION,7
2023-07-04,GOOGL,-0.0038188671255977,0,0,0.3824063,0.23518741,1,Bearish,Bearish,CORRECT_PREDICTION,7
2023-07-04,AAPL,-0.7806793499793364,1,0,0.35865024,0.28269953,0,Bearish,Bullish,OPPOSITE_PREDICTION,7
2023-07-05,MSFT,-0.1397222682560783,1,0,0.37571043,0.24857914,0,Bearish,Bullish,OPPOSITE_PREDICTION,7
2023-07-05,AAPL,-1.0036474357270646,1,0,0.3980445,0.203911,0,Bearish,Bullish,OPPOSITE_PREDICTION,7
2023-07-08,AMZN,1.5616582503724945,0,1,0.65155125,0.3031025,0,Bullish,Bearish,OPPOSITE_PREDICTION,7
2023-07-08,GOOGL,0.8024402141588663,1,1,0.65903676,0.3180735,1,Bullish,Bullish,CORRECT_PREDICTION,7
2023-07-08,MSFT,-1.3087293153915376,0,1,0.65027213,0.30054426,0,Bullish,Bearish,OPPOSITE_PREDICTION,7
2023-07-08,AAPL,0.4460577236489535,1,1,0.6225329,0.24506581,1,Bullish,Bullish,CORRECT_PREDICTION,7
2023-07-09,GOOGL,-0.7229058470025064,1,0,0.39150226,0.21699548,0,Bearish,Bullish,OPPOSITE_PREDICTION,7
2023-07-09,AMZN,1.1768274773809522,0,0,0.36073738,0.27852523,1,Bearish,Bearish,CORRECT_PREDICTION,7
2023-07-10,GOOGL,0.5092158280635035,0,0,0.38937092,0.22125816,1,Bearish,Bearish,CORRECT_PREDICTION,7
2023-07-11,AAPL,-0.1567265057078464,1,1,0.61080265,0.2216053,1,Bullish,Bullish,CORRECT_PREDICTION,7
2023-07-11,AMZN,1.2804587162162544,1,1,0.6254196,0.25083923,1,Bullish,Bullish,CORRECT_PREDICTION,7
2023-07-12,AMZN,-0.47879921755097,1,1,0.64180696,0.28361392,1,Bullish,Bullish,CORRECT_PREDICTION,7
2023-07-12,MSFT,0.2398088713651434,0,1,0.6525992,0.30519843,0,Bullish,Bearish,OPPOSITE_PREDICTION,7
2023-07-12,AAPL,-0.3600003745714618,0,1,0.6504066,0.3008132,0,Bullish,Bearish,OPPOSITE_PREDICTION,7
2023-07-12,GOOGL,-0.6080615650242529,1,1,0.6338986,0.26779723,1,Bullish,Bullish,CORRECT_PREDICTION,7
2023-07-13,MSFT,-0.5226678259397396,1,1,0.6106248,0.22124958,1,Bullish,Bullish,CORRECT_PREDICTION,7
2023-07-15,MSFT,0.1587994794934538,0,1,0.60288227,0.20576453,0,Bullish,Bearish,OPPOSITE_PREDICTION,7
2023-07-15,AAPL,-0.5645614301266431,0,1,0.61055934,0.22111869,0,Bullish,Bearish,OPPOSITE_PREDICTION,7
2023-07-16,MSFT,-0.3757471188773388,0,1,0.6158627,0.23172545,0,Bullish,Bearish,OPPOSITE_PREDICTION,7
2023-07-19,MSFT,0.9223662093570236,1,1,0.60284805,0.2056961,1,Bullish,Bullish,CORRECT_PREDICTION,7
2023-07-19,GOOGL,-0.6887576340872288,0,1,0.62818754,0.25637507,0,Bullish,Bearish,OPPOSITE_PREDICTION,7
2023-07-19,AMZN,0.015761851146928,1,1,0.6468588,0.29371762,1,Bullish,Bullish,CORRECT_PREDICTION,7
2023-07-19,AAPL,0.5646243202568412,0,1,0.6545187,0.30903745,0,Bullish,Bearish,OPPOSITE_PREDICTION,7
2023-07-20,GOOGL,-0.6667516747705414,1,1,0.64263046,0.28526092,1,Bullish,Bullish,CORRECT_PREDICTION,7
2023-07-20,AMZN,-0.6505039066839935,0,1,0.6105548,0.22110963,0,Bullish,Bearish,OPPOSITE_PREDICTION,7
2023-07-21,AMZN,1.965180075390106,1,0,0.35598814,0.2880237,0,Bearish,Bullish,OPPOSITE_PREDICTION,7
2023-07-21,AAPL,-1.0240645322487745,0,0,0.35586667,0.28826666,1,Bearish,Bearish,CORRECT_PREDICTION,7
2023-07-25,GOOGL,-0.2684984402066834,0,0,0.3795715,0.240857,1,Bearish,Bearish,CORRECT_PREDICTION,7
2023-07-25,MSFT,-1.0794215687211437,1,0,0.32240716,0.3551857,0,Bearish,Bullish,OPPOSITE_PREDICTION,7
2023-07-25,AAPL,2.080681586772825,1,0,0.2812942,0.4374116,0,Bearish,Bullish,OPPOSITE_PREDICTION,7
2023-07-26,AMZN,1.076130234365494,0,0,0.275072,0.44985598,1,Bearish,Bearish,CORRECT_PREDICTION,7
2023-07-26,GOOGL,1.035000462291685,0,0,0.29898614,0.40202773,1,Bearish,Bearish,CORRECT_PREDICTION,7
2023-07-26,AAPL,-0.3396292627419998,0,0,0.38043004,0.23913991,1,Bearish,Bearish,CORRECT_PREDICTION,7
2023-07-28,GOOGL,-0.0433819719782217,1,1,0.6102369,0.22047377,1,Bullish,Bullish,CORRECT_PREDICTION,7
2023-07-28,AMZN,-2.168283420524982,0,1,0.63969636,0.27939272,0,Bullish,Bearish,OPPOSITE_PREDICTION,7
2023-07-28,MSFT,1.618970308878644,1,1,0.6649624,0.32992482,1,Bullish,Bullish,CORRECT_PREDICTION,7
2023-07-28,AAPL,1.3548457797052051,1,1,0.65928495,0.3185699,1,Bullish,Bullish,CORRECT_PREDICTION,7
2023-07-29,GOOGL,0.4904299881591291,0,1,0.6410985,0.282197,0,Bullish,Bearish,OPPOSITE_PREDICTION,7
2023-08-12,AMZN,0.7314405822403743,1,1,0.6151879,0.23037577,1,Bullish,Bullish,CORRECT_PREDICTION,8
2023-08-12,GOOGL,-0.2591025961376546,1,1,0.6272826,0.25456524,1,Bullish,Bullish,CORRECT_PREDICTION,8
2023-08-13,AMZN,1.151072489606211,0,1,0.6250671,0.25013423,0,Bullish,Bearish,OPPOSITE_PREDICTION,8
2023-08-13,MSFT,0.6653491656194379,1,1,0.61001265,0.2200253,1,Bullish,Bullish,CORRECT_PREDICTION,8
2023-08-16,AAPL,0.2335830352981819,0,0,0.3838819,0.2322362,1,Bearish,Bearish,CORRECT_PREDICTION,8
2023-08-17,AMZN,-0.3962011144076198,0,0,0.3588763,0.28224742,1,Bearish,Bearish,CORRECT_PREDICTION,8
2023-08-17,MSFT,0.8460750106107496,1,0,0.35695955,0.2860809,0,Bearish,Bullish,OPPOSITE_PREDICTION,8
2023-08-17,AAPL,0.9848818878882674,1,0,0.35162795,0.2967441,0,Bearish,Bullish,OPPOSITE_PREDICTION,8
2023-08-17,GOOGL,-1.357623125060314,0,0,0.34789813,0.30420375,1,Bearish,Bearish,CORRECT_PREDICTION,8
2023-08-18,AMZN,2.0150202576588145,1,0,0.3366672,0.32666558,0,Bearish,Bullish,OPPOSITE_PREDICTION,8
2023-08-18,AAPL,-0.5629795146209047,1,0,0.3392885,0.321423,0,Bearish,Bullish,OPPOSITE_PREDICTION,8
2023-08-18,MSFT,0.9575884948155408,0,0,0.35079938,0.29840124,1,Bearish,Bearish,CORRECT_PREDICTION,8
2023-08-18,GOOGL,0.6701237955841938,1,0,0.371053,0.25789398,0,Bearish,Bullish,OPPOSITE_PREDICTION,8
2023-08-22,MSFT,0.631230554156304,0,0,0.37409362,0.25181276,1,Bearish,Bearish,CORRECT_PREDICTION,8
2023-08-22,GOOGL,-0.1055576204517473,0,0,0.34623256,0.30753487,1,Bearish,Bearish,CORRECT_PREDICTION,8
2023-08-22,AAPL,-0.8509011043814586,0,0,0.34473938,0.31052125,1,Bearish,Bearish,CORRECT_PREDICTION,8
2023-08-23,GOOGL,-0.1814724989654937,0,0,0.3583504,0.2832992,1,Bearish,Bearish,CORRECT_PREDICTION,8
2023-08-23,MSFT,0.0190237742457766,0,0,0.39669022,0.20661956,1,Bearish,Bearish,CORRECT_PREDICTION,8
2023-08-26,AMZN,-0.8627176417206356,1,1,0.6024868,0.20497358,1,Bullish,Bullish,CORRECT_PREDICTION,8
2023-08-27,MSFT,0.3050457482211582,1,1,0.63890934,0.27781868,1,Bullish,Bullish,CORRECT_PREDICTION,8
2023-08-27,GOOGL,0.6007025185072392,1,1,0.6701484,0.34029675,1,Bullish,Bullish,CORRECT_PREDICTION,8
2023-08-27,AAPL,0.108194599705061,1,1,0.6951365,0.39027297,1,Bullish,Bullish,CORRECT_PREDICTION,8
2023-08-27,AMZN,-0.4497930246737156,0,1,0.70802665,0.4160533,0,Bullish,Bearish,OPPOSITE_PREDICTION,8
2023-08-28,MSFT,2.001374815886132,0,1,0.64309907,0.28619814,0,Bullish,Bearish,OPPOSITE_PREDICTION,8
2023-08-28,AMZN,-0.4279117067474156,1,1,0.60147834,0.20295668,1,Bullish,Bullish,CORRECT_PREDICTION,8
2023-10-02,MSFT,-0.0552904492358404,1,1,0.6146766,0.22935319,1,Bullish,Bullish,CORRECT_PREDICTION,10
2023-10-02,AMZN,0.3179603860672812,1,1,0.6064152,0.21283042,1,Bullish,Bullish,CORRECT_PREDICTION,10
2023-10-03,GOOGL,0.1341619482952091,1,0,0.39821365,0.20357269,0,Bearish,Bullish,OPPOSITE_PREDICTION,10
2023-10-03,AMZN,0.9610818660333764,0,0,0.39134678,0.21730644,1,Bearish,Bearish,CORRECT_PREDICTION,10
2023-10-04,AMZN,1.243272149245818,0,0,0.39365706,0.21268588,1,Bearish,Bearish,CORRECT_PREDICTION,10
2023-10-04,MSFT,-1.192892754216797,0,0,0.3996374,0.2007252,1,Bearish,Bearish,CORRECT_PREDICTION,10
2023-10-05,AAPL,-1.0473660027324363,0,0,0.39741638,0.20516723,1,Bearish,Bearish,CORRECT_PREDICTION,10
2023-10-05,GOOGL,-0.9790328473200524,1,0,0.38264886,0.23470229,0,Bearish,Bullish,OPPOSITE_PREDICTION,10
2023-10-06,GOOGL,0.6308111611913187,0,0,0.3669609,0.26607817,1,Bearish,Bearish,CORRECT_PREDICTION,10
2023-10-06,MSFT,-2.41445314998914,0,0,0.3744443,0.2511114,1,Bearish,Bearish,CORRECT_PREDICTION,10
2023-10-06,AMZN,-1.000994109394392,1,0,0.38437128,0.23125744,0,Bearish,Bullish,OPPOSITE_PREDICTION,10
2023-10-06,AAPL,0.563767445177545,1,0,0.3899151,0.22016978,0,Bearish,Bullish,OPPOSITE_PREDICTION,10
2023-10-07,MSFT,0.0660955114271747,0,0,0.3942529,0.2114942,1,Bearish,Bearish,CORRECT_PREDICTION,10
2023-10-07,AAPL,0.2703838435172316,0,0,0.39367306,0.21265388,1,Bearish,Bearish,CORRECT_PREDICTION,10
2023-10-07,GOOGL,0.727918834897259,0,0,0.39312586,0.21374828,1,Bearish,Bearish,CORRECT_PREDICTION,10
2023-10-09,AAPL,-0.5643351557637459,1,1,0.62430704,0.24861407,1,Bullish,Bullish,CORRECT_PREDICTION,10
2023-10-09,MSFT,1.1451489869965312,0,1,0.6530994,0.30619884,0,Bullish,Bearish,OPPOSITE_PREDICTION,10
2023-10-09,AMZN,-0.7281694711486016,1,1,0.67601,0.35202003,1,Bullish,Bullish,CORRECT_PREDICTION,10
2023-10-10,AMZN,-0.2999873987207605,0,1,0.683058,0.36611605,0,Bullish,Bearish,OPPOSITE_PREDICTION,10
2023-10-10,GOOGL,1.400888280265337,1,1,0.6652547,0.33050942,1,Bullish,Bullish,CORRECT_PREDICTION,10
2023-10-10,AAPL,-1.5689752650464042,1,1,0.6410525,0.28210497,1,Bullish,Bullish,CORRECT_PREDICTION,10
2023-10-10,MSFT,2.7152868984672565,0,1,0.6010983,0.2021966,0,Bullish,Bearish,OPPOSITE_PREDICTION,10
2023-10-13,AMZN,-0.0515704898402843,0,1,0.6459309,0.29186177,0,Bullish,Bearish,OPPOSITE_PREDICTION,10
2023-10-13,GOOGL,-0.615963407785734,1,1,0.6394713,0.27894258,1,Bullish,Bullish,CORRECT_PREDICTION,10
2023-10-13,MSFT,-0.7930193434213545,0,1,0.6188071,0.23761415,0,Bullish,Bearish,OPPOSITE_PREDICTION,10
2023-10-14,MSFT,0.0978366165728898,1,0,0.3513385,0.297323,0,Bearish,Bullish,OPPOSITE_PREDICTION,10
2023-10-14,AAPL,-0.7464537614131833,0,0,0.33266565,0.3346687,1,Bearish,Bearish,CORRECT_PREDICTION,10
2023-10-15,AAPL,-0.0217971923345523,0,0,0.34565672,0.30868655,1,Bearish,Bearish,CORRECT_PREDICTION,10
2023-10-15,AMZN,2.4694244912041663,0,0,0.3812853,0.23742938,1,Bearish,Bearish,CORRECT_PREDICTION,10
2023-10-19,GOOGL,0.2394133501590592,0,0,0.39776552,0.20446897,1,Bearish,Bearish,CORRECT_PREDICTION,10
2023-10-19,AMZN,-0.4552643001457005,0,0,0.38923594,0.22152811,1,Bearish,Bearish,CORRECT_PREDICTION,10
2023-10-29,GOOGL,0.1148317082510623,0,0,0.3907478,0.21850443,1,Bearish,Bearish,CORRECT_PREDICTION,10
2023-10-29,AAPL,2.203706608017417,1,0,0.3607373,0.2785254,0,Bearish,Bullish,OPPOSITE_PREDICTION,10
2023-10-29,MSFT,2.1491790411145035,1,0,0.35451084,0.2909783,0,Bearish,Bullish,OPPOSITE_PREDICTION,10
2023-10-29,AMZN,0.0420664581205115,0,0,0.3745397,0.2509206,1,Bearish,Bearish,CORRECT_PREDICTION,10
2023-10-31,AAPL,-0.2743784677952696,1,1,0.61644894,0.23289788,1,Bullish,Bullish,CORRECT_PREDICTION,10
2023-10-31,MSFT,-0.0861469365921259,1,1,0.6322541,0.26450825,1,Bullish,Bullish,CORRECT_PREDICTION,10
2023-10-31,GOOGL,-0.8718565787861334,1,1,0.6201369,0.24027383,1,Bullish,Bullish,CORRECT_PREDICTION,10
2023-11-02,GOOGL,-0.0655544816127392,0,0,0.38615316,0.22769368,1,Bearish,Bearish,CORRECT_PREDICTION,11
2023-11-02,MSFT,1.8161233009217856,1,0,0.35684934,0.2863013,0,Bearish,Bullish,OPPOSITE_PREDICTION,11
2023-11-02,AAPL,-1.495856773392808,0,0,0.34018382,0.31963235,1,Bearish,Bearish,CORRECT_PREDICTION,11
2023-11-02,AMZN,0.7935856192084678,1,0,0.317831,0.36433798,0,Bearish,Bullish,OPPOSITE_PREDICTION,11
2023-11-03,MSFT,-1.2024415957830648,1,0,0.29353872,0.41292256,0,Bearish,Bullish,OPPOSITE_PREDICTION,11
2023-11-03,GOOGL,0.5861804574195564,1,0,0.30062628,0.39874744,0,Bearish,Bullish,OPPOSITE_PREDICTION,11
2023-11-03,AAPL,-0.1721457777781962,0,0,0.3254928,0.3490144,1,Bearish,Bearish,CORRECT_PREDICTION,11
2023-11-03,AMZN,0.2384525122987908,0,0,0.363063,0.27387398,1,Bearish,Bearish,CORRECT_PREDICTION,11
2023-11-04,GOOGL,-0.8936436526616127,0,0,0.39371336,0.21257329,1,Bearish,Bearish,CORRECT_PREDICTION,11
2023-11-11,AMZN,0.7095194251183865,0,0,0.3744187,0.2511626,1,Bearish,Bearish,CORRECT_PREDICTION,11
2023-11-11,GOOGL,0.9027336534520136,1,0,0.38038158,0.23923683,0,Bearish,Bullish,OPPOSITE_PREDICTION,11
2023-11-11,MSFT,1.109962476319474,0,0,0.3951834,0.20963317,1,Bearish,Bearish,CORRECT_PREDICTION,11
2023-11-15,MSFT,0.854132270476473,1,0,0.37947148,0.24105704,0,Bearish,Bullish,OPPOSITE_PREDICTION,11
2023-11-16,MSFT,-1.061810052843478,0,0,0.33992463,0.32015073,1,Bearish,Bearish,CORRECT_PREDICTION,11
2023-11-16,AAPL,-0.747032340943812,0,0,0.33016333,0.33967334,1,Bearish,Bearish,CORRECT_PREDICTION,11
2023-11-16,AMZN,-0.7530614984332543,1,0,0.3383056,0.32338881,0,Bearish,Bullish,OPPOSITE_PREDICTION,11
2023-11-16,GOOGL,-0.3494787430894361,1,0,0.35971275,0.2805745,0,Bearish,Bullish,OPPOSITE_PREDICTION,11
2023-11-19,AMZN,0.2213930780140359,1,1,0.60513306,0.21026611,1,Bullish,Bullish,CORRECT_PREDICTION,11
2023-11-20,MSFT,-0.5987786754877196,1,1,0.62123096,0.24246192,1,Bullish,Bullish,CORRECT_PREDICTION,11
2023-11-20,AAPL,-0.447825971311941,1,1,0.61892486,0.23784971,1,Bullish,Bullish,CORRECT_PREDICTION,11
2023-11-20,GOOGL,1.4711743451153092,0,1,0.6012867,0.20257342,0,Bullish,Bearish,OPPOSITE_PREDICTION,11
2023-11-23,AAPL,1.3253791547331346,0,0,0.39481387,0.21037227,1,Bearish,Bearish,CORRECT_PREDICTION,11
2023-11-23,AMZN,-0.6371597541633507,0,0,0.3880678,0.22386438,1,Bearish,Bearish,CORRECT_PREDICTION,11
2023-11-24,MSFT,-1.185057059724575,0,0,0.3882236,0.22355282,1,Bearish,Bearish,CORRECT_PREDICTION,11
2023-11-24,AAPL,1.22676498738967,1,0,0.3856823,0.22863537,0,Bearish,Bullish,OPPOSITE_PREDICTION,11
2023-11-24,GOOGL,-0.7399754420134396,0,0,0.39794967,0.20410067,1,Bearish,Bearish,CORRECT_PREDICTION,11
2023-11-28,AMZN,1.2451997900702665,1,1,0.60535705,0.2107141,1,Bullish,Bullish,CORRECT_PREDICTION,11
2023-11-28,AAPL,-1.3377034933849663,0,1,0.6389922,0.27798438,0,Bullish,Bearish,OPPOSITE_PREDICTION,11
2023-11-28,MSFT,0.7976739075565153,1,1,0.6494609,0.29892182,1,Bullish,Bullish,CORRECT_PREDICTION,11
2023-11-28,GOOGL,-0.9476241850709932,1,1,0.63876176,0.27752352,1,Bullish,Bullish,CORRECT_PREDICTION,11
2023-11-29,GOOGL,0.4565142140967744,1,1,0.60555995,0.21111989,1,Bullish,Bullish,CORRECT_PREDICTION,11
2023-11-30,GOOGL,-1.0732516117441089,1,1,0.60170555,0.2034111,1,Bullish,Bullish,CORRECT_PREDICTION,11
2023-11-30,MSFT,1.2747972696592953,0,1,0.6169968,0.23399365,0,Bullish,Bearish,OPPOSITE_PREDICTION,11
2023-12-01,MSFT,-0.924789236391967,0,1,0.6161969,0.23239374,0,Bullish,Bearish,OPPOSITE_PREDICTION,12
2023-12-01,GOOGL,0.4299875321115647,0,1,0.6037512,0.20750237,0,Bullish,Bearish,OPPOSITE_PREDICTION,12
2023-12-09,AMZN,0.6156794587150283,1,1,0.61968005,0.2393601,1,Bullish,Bullish,CORRECT_PREDICTION,12
2023-12-10,GOOGL,1.4274205959957176,0,1,0.650267,0.300534,0,Bullish,Bearish,OPPOSITE_PREDICTION,12
2023-12-10,MSFT,0.1561611552933934,1,1,0.63495195,0.2699039,1,Bullish,Bullish,CORRECT_PREDICTION,12
2023-12-10,AMZN,-0.3921071757310299,1,1,0.6051508,0.21030164,1,Bullish,Bullish,CORRECT_PREDICTION,12
2023-12-13,GOOGL,-0.1747539116772988,1,0,0.38898122,0.22203755,0,Bearish,Bullish,OPPOSITE_PREDICTION,12
2023-12-13,AAPL,0.141340367705307,0,0,0.38399225,0.23201549,1,Bearish,Bearish,CORRECT_PREDICTION,12
2023-12-14,AAPL,-0.2664908514016468,0,0,0.38138473,0.23723054,1,Bearish,Bearish,CORRECT_PREDICTION,12
2023-12-14,AMZN,-0.8464600733384061,0,0,0.38725153,0.22549695,1,Bearish,Bearish,CORRECT_PREDICTION,12
2023-12-14,MSFT,0.3161783105338456,1,0,0.3964613,0.20707738,0,Bearish,Bullish,OPPOSITE_PREDICTION,12
2023-12-20,AAPL,0.723017885359441,1,0,0.37619233,0.24761534,0,Bearish,Bullish,OPPOSITE_PREDICTION,12
2023-12-20,GOOGL,-0.9930407703156678,1,0,0.34097844,0.3180431,0,Bearish,Bullish,OPPOSITE_PREDICTION,12
2023-12-21,AMZN,-0.0414535240849891,0,0,0.3121966,0.37560678,1,Bearish,Bearish,CORRECT_PREDICTION,12
2023-12-21,MSFT,-0.3393451466690188,1,0,0.31011912,0.37976176,0,Bearish,Bullish,OPPOSITE_PREDICTION,12
2023-12-21,AAPL,-0.6963909295626742,0,0,0.34483016,0.3103397,1,Bearish,Bearish,CORRECT_PREDICTION,12
2023-12-21,GOOGL,0.6700842651128781,0,0,0.36962435,0.2607513,1,Bearish,Bearish,CORRECT_PREDICTION,12
2023-12-23,AAPL,-1.0371810116818825,0,0,0.3813381,0.23732382,1,Bearish,Bearish,CORRECT_PREDICTION,12
2023-12-23,AMZN,0.9730711261257432,1,0,0.38402683,0.23194635,0,Bearish,Bullish,OPPOSITE_PREDICTION,12
2023-12-23,GOOGL,-0.6364831069982679,1,0,0.3912525,0.21749502,0,Bearish,Bullish,OPPOSITE_PREDICTION,12
2023-12-24,GOOGL,0.0055767304628389,1,0,0.39378196,0.21243608,0,Bearish,Bullish,OPPOSITE_PREDICTION,12
2023-12-24,AAPL,0.3710437965823089,0,0,0.393001,0.21399802,1,Bearish,Bearish,CORRECT_PREDICTION,12
2023-12-24,AMZN,-1.3268950138563609,1,0,0.39584124,0.20831752,0,Bearish,Bullish,OPPOSITE_PREDICTION,12
2023-12-29,MSFT,-1.1917994463355015,0,0,0.39532164,0.20935673,1,Bearish,Bearish,CORRECT_PREDICTION,12
2023-12-30,GOOGL,0.8090703272494997,1,0,0.36616844,0.26766312,0,Bearish,Bullish,OPPOSITE_PREDICTION,12
2023-12-30,MSFT,-0.1912832867040569,0,0,0.35718775,0.2856245,1,Bearish,Bearish,CORRECT_PREDICTION,12
2023-12-30,AMZN,0.8862547088739955,0,0,0.36856863,0.26286274,1,Bearish,Bearish,CORRECT_PREDICTION,12
2023-12-30,AAPL,-0.7927524703599341,1,0,0.3903286,0.21934283,0,Bearish,Bullish,OPPOSITE_PREDICTION,12
